especie,n_obs,periodo,cobertura_dias,meses_top
Aeolidia filomenae,0,sin dato suficiente,,
Aeolidia papillosa,0,sin dato suficiente,,
Aeolidiella alderi,198,10 Octubre-13 Noviembre; 10 Diciembre-28 Agosto,297,"Mar, Abr, May"
Aeolidiella sanguinea,7,sin dato suficiente,,
Amphorina andra,38,29 Diciembre-15 Mayo,138,"Abr, Ene, Feb"
Amphorina farrani,124,10 Agosto-23 Agosto; 16 Noviembre-29 Junio,243,"Abr, Feb, Mar"
Amphorina linensis,2,sin dato suficiente,,
Anteaeolidiella lurana,10,sin dato suficiente,,
Antiopella cristata,606,17 Diciembre-9 Julio,205,"May, Abr, Ene"
Armina maculata,6,sin dato suficiente,,
Armina tigrina,39,22 Marzo-16 Octubre; 1 Diciembre-23 Febrero,294,"Jul, May, Ene"
Babakina anadoni,0,sin dato suficiente,,
Baenopsis baetica,1,sin dato suficiente,,
Berghia coerulescens,295,25 Noviembre-19 Octubre,329,"May, Jun, Sep"
Berghia marinae,1,sin dato suficiente,,
Berghia verrucicornis,85,21 Marzo-7 Febrero,324,"Ago, Nov, Dic"
Bornella anguilla,0,sin dato suficiente,,
Calma glaucoides,17,sin dato suficiente,,
Calma gobioophaga,18,sin dato suficiente,,
Calmella cavolini,697,28 Diciembre-5 Noviembre,313,"Ago, Jul, Sep"
Calmella gaditana,5,sin dato suficiente,,
Caloria elegans,231,1 Febrero-17 Octubre,259,"Abr, May, Mar"
Caloria indica,0,sin dato suficiente,,
Caloria quatrefagesi,524,Todo el año,365,"Ago, Sep, Abr"
Candiella cincta,6,sin dato suficiente,,
Candiella lineata,4,sin dato suficiente,,
Candiella manicata,211,Todo el año,365,"May, Jul, Ago"
Candiella odhneri,354,4 Febrero-6 Enero,337,"Jun, Jul, Ago"
Candiella plebeia,0,sin dato suficiente,,
Candiella striata,226,20 Diciembre-13 Septiembre,268,"May, Jun, Abr"
Capellinia doriae,32,17 Enero-24 Mayo; 20 Octubre-31 Octubre,140,"May, Feb, Mar"
Capellinia vittata,1,sin dato suficiente,,
Cephalopyge trematoides,2,sin dato suficiente,,
Cerberilla bernadettae,20,11 Febrero-19 Abril; 28 Mayo-25 Junio; 8 Agosto-22 Agosto; 18 Diciembre-11 Enero,137,"Mar, Jun, Ene"
Coryphella verrucosa,0,sin dato suficiente,,
Coryphellina exoptata,0,sin dato suficiente,,
Coryphellina flamma,0,sin dato suficiente,,
Coryphellina lotos,0,sin dato suficiente,,
Coryphellina rubrolineata,7,sin dato suficiente,,
Cratena peregrina,196,8 Abril-18 Abril; 30 Mayo-10 Octubre,145,"Ago, Jul, Sep"
Cratena simba,0,sin dato suficiente,,
Cuthona pallida,0,sin dato suficiente,,
Cuthona willani,1,sin dato suficiente,,
Dicata odhneri,62,12 Abril-14 Agosto,125,"Jun, Jul, May"
Dondice trainitoi,11,sin dato suficiente,,
Doto cavernicola,14,sin dato suficiente,,
Doto cervicenigra,94,13 Julio-14 Agosto; 4 Noviembre-1 Junio,247,"Feb, Ene, May"
Doto coronata,6,sin dato suficiente,,
Doto eireana,0,sin dato suficiente,,
Doto eo,0,sin dato suficiente,,
Doto escatllari,0,sin dato suficiente,,
Doto floridicola,97,9 Febrero-14 Octubre; 1 Diciembre-2 Enero,284,"Ago, Jun, Abr"
Doto fluctifraga,0,sin dato suficiente,,
Doto fragaria,18,sin dato suficiente,,
Doto fragilis,0,sin dato suficiente,,
Doto koenneckeri,84,18 Enero-12 Julio,177,"Abr, May, Mar"
Doto maculata,15,sin dato suficiente,,
Doto millbayana,80,21 Diciembre-13 Junio,175,"Mar, Feb, Ene"
Doto paulinae,46,24 Diciembre-19 Junio,180,"Abr, May, Mar"
Doto pinnatifida,0,sin dato suficiente,,
Doto pita,0,sin dato suficiente,,
Doto pygmaea,59,13 Mayo-8 Octubre; 9 Noviembre-23 Noviembre,164,"Jul, Ago, Jun"
Doto rosea,107,23 Junio-23 Septiembre; 20 Diciembre-30 Mayo,255,"Feb, May, Sep"
Doto verdicioi,0,sin dato suficiente,,
Edmundsella pedata,732,5 Diciembre-5 Noviembre,336,"Abr, May, Jun"
Embletonia pulchra,11,sin dato suficiente,,
Eubranchus arci,0,sin dato suficiente,,
Eubranchus prietoi,22,1 Mayo-23 Mayo; 27 Junio-11 Julio; 24 Diciembre-6 Abril,142,"Mar, Feb, Ene"
Facelina annulicornis,217,6 Diciembre-5 Julio,212,"Ene, Feb, Dic"
Facelina auriculata,398,3 Diciembre-17 Junio,197,"Ene, Feb, Mar"
Facelina dubia,48,17 Julio-21 Agosto; 8 Diciembre-10 Abril,160,"Ene, Ago, Feb"
Facelina fusca,4,sin dato suficiente,,
Facelina rubrovittata,384,1 Noviembre-27 Agosto,300,"May, Feb, Abr"
Facelina vicina,172,9 Septiembre-14 Octubre; 6 Noviembre-14 Agosto,318,"Ene, Dic, Feb"
Facelinopsis marioni,368,Todo el año,365,"Feb, Ago, May"
Favorinus blianus,0,sin dato suficiente,,
Favorinus branchialis,244,12 Diciembre-21 Agosto,253,"May, Mar, Ene"
Favorinus tsuruganus,0,sin dato suficiente,,
Favorinus vitreus,2,sin dato suficiente,,
Fiona pinnata,12,sin dato suficiente,,
Fjordia lineata,42,15 Enero-9 Junio,146,"Abr, Feb, May"
Flabellina affinis,51,28 Julio-12 Septiembre,47,"Ago, Sep, Jul"
Flabellina dushia,1,sin dato suficiente,,
Glaucus atlanticus,0,sin dato suficiente,,
Godiva quadricolor,18,sin dato suficiente,,
Hancockia uncinata,72,15 Junio-27 Agosto; 30 Diciembre-29 Abril,195,"Mar, Ago, Jul"
Janolus faustoi,0,sin dato suficiente,,
Janolus hyalinus,106,8 Diciembre-2 Junio,177,"Abr, May, Ene"
Learchis poica,0,sin dato suficiente,,
Limenandra nodosa,29,1 Mayo-15 Mayo; 29 Junio-10 Noviembre,150,"Ago, Jul, Oct"
Lomanotus barlettai,4,sin dato suficiente,,
Lomanotus genei,1,sin dato suficiente,,
Lomanotus marmoratus,0,sin dato suficiente,,
Luisella babai,460,24 Enero-9 Octubre,260,"Abr, May, Jun"
Marionia blainvillea,274,12 Diciembre-7 Noviembre,331,"Abr, Ago, May"
Microchlamylla gracilis,0,sin dato suficiente,,
Nemesignis banyulensis,461,5 Diciembre-1 Octubre,301,"Jul, Ago, Abr"
Nudibranchus exiguus,64,8 Diciembre-28 Junio,203,"May, Abr, Mar"
Paraflabellina gabinierei,182,10 Febrero-18 Noviembre,282,"May, Ago, Jul"
Paraflabellina ischitana,646,Todo el año,365,"Abr, May, Jun"
Phestilla sibogae,0,sin dato suficiente,,
Phetia soussi,83,10 Agosto-24 Agosto; 9 Diciembre-13 Mayo,174,"Abr, Feb, Mar"
Phidiana lottini,0,sin dato suficiente,,
Phidiana lynceus,0,sin dato suficiente,,
Phylliroe bucephala,10,sin dato suficiente,,
Phylliroe lichtensteinii,0,sin dato suficiente,,
Phyllodesmium koehleri,0,sin dato suficiente,,
Piseinotecus sphaeriferus,7,sin dato suficiente,,
Pruvotfolia pselliotes,14,sin dato suficiente,,
Pteraeolidia semperi,0,sin dato suficiente,,
Rubramoena amoena,6,sin dato suficiente,,
Rubramoena rubescens,0,sin dato suficiente,,
Samla bicolor,0,sin dato suficiente,,
Samla bilas,0,sin dato suficiente,,
Samla riwo,0,sin dato suficiente,,
Scyllaea pelagica,10,sin dato suficiente,,
Spurilla neapolitana,294,7 Julio-14 Junio,343,"May, Mar, Ago"
Tenellia adspersa,4,sin dato suficiente,,
Tenellia albopunctata,3,sin dato suficiente,,
Tenellia foliata,10,sin dato suficiente,,
Tenellia genovae,121,20 Diciembre-23 Julio,220,"Abr, May, Feb"
Tenellia granosa,6,sin dato suficiente,,
Tenellia maua,2,sin dato suficiente,,
Tenellia miniostriata,54,7 Abril-28 Mayo; 18 Diciembre-9 Marzo,134,"May, Feb, Abr"
Tenellia ocellata,181,1 Marzo-15 Junio,107,"Abr, May, Mar"
Tenellia pustulata,0,sin dato suficiente,,
Tergipes tergipes,20,19 Enero-23 Febrero; 2 Abril-16 Abril; 27 Octubre-9 Noviembre,65,"Feb, Ene, Abr"
Tethys fimbria,59,18 Agosto-28 Agosto; 17 Noviembre-24 Junio,235,"Ene, Feb, Dic"
Trinchesia caerulea,198,20 Enero-29 Mayo; 19 Septiembre-25 Noviembre,198,"Abr, May, Feb"
Trinchesia cuanensis,37,11 Noviembre-22 Noviembre; 15 Diciembre-15 Mayo,164,"Feb, Abr, Dic"
Trinchesia morrowae,524,Todo el año,365,"May, Abr, Jul"
Tritonia challengeriana,0,sin dato suficiente,,
Tritonia odhneri,0,sin dato suficiente,,
