sp_A,sp_B,familia_A,familia_B,n_eventos,n_celdas,n_dias,n_observadores,lift
Abudefduf saxatilis,Kyphosus vaigiensis,Pomacentridae,Kyphosidae,8,8,8,8,437.9
Latreutes fucorum,Scyllaea pelagica,Hippolytidae,Scyllaeidae,11,11,11,10,316.9
Deiopea kaloktenota,Neotima lucullana,Eurhamphaeidae,Eirenidae,12,5,12,5,287.7
Drusia valenciennii,Ferussacia folliculum,Parmacellidae,Ferussaciidae,8,8,8,6,283.0
Fistularia commersonii,Pterois miles,Fistulariidae,Scorpaenidae,25,21,23,16,261.7
Parvicardium scriptum,Rissoina bruguieri,Cardiidae,Rissoidae,15,11,15,5,255.4
Monacha cartusiana,Xerosecta arigonis,Hygromiidae,Geomitridae,11,10,11,7,233.7
Forskalia edwardsii,Lampea pancerina,Forskaliidae,Lampeidae,8,3,6,5,209.9
Callianira bialata,Deiopea kaloktenota,Mertensiidae,Eurhamphaeidae,15,7,14,5,199.1
Lauria cylindracea,Oxychilus draparnaudi,Pupillidae,Zonitidae,8,8,8,7,191.1
Callianira bialata,Forskalia edwardsii,Mertensiidae,Forskaliidae,14,9,14,5,177.1
Parvicardium exiguum,Rissoina bruguieri,Cardiidae,Rissoidae,13,12,13,5,162.1
Chloromyia formosa,Closterotomus trivialis,Stratiomyidae,Miridae,18,13,15,12,151.3
Biuve fulvipunctata,Haminoea orbignyana,Aglajidae,Haminoeidae,8,3,6,5,146.9
Chromis limbata,Mycteroperca fusca,Pomacentridae,Epinephelidae,9,8,8,7,146.6
Gibberula miliaria,Rissoina bruguieri,Cystiscidae,Rissoidae,23,18,23,5,144.4
Aplidium turbinatum,Ciona robusta,Polyclinidae,Cionidae,14,4,11,7,143.1
Cyperus capitatus,Marcus-kochia littorea,Cyperaceae,Brassicaceae,10,8,10,5,136.1
Astroides calycularis,Clavelina dellavallei,Dendrophylliidae,Clavelinidae,16,9,14,8,135.6
Aeolidiella alderi,Berthella perforata,Aeolidiidae,Pleurobranchidae,41,4,29,8,129.8
Arctotheca calendula,Lotus creticus,Asteraceae,Fabaceae,11,5,8,8,129.7
Fistularia commersonii,Siganus rivulatus,Fistulariidae,Siganidae,15,13,15,13,123.9
Gibberula miliaria,Rissoa variabilis,Cystiscidae,Rissoidae,23,15,23,6,122.8
Ericaria mediterranea,Rissoella verruculosa,Sargassaceae,Rissoellaceae,11,10,11,5,117.7
Caliphylla mediterranea,Haminoea orteai,Caliphyllidae,Haminoeidae,14,3,10,5,113.2
Calendula arvensis,Erodium malacoides,Asteraceae,Geraniaceae,8,8,8,8,112.7
Chromis limbata,Synodus synodus,Pomacentridae,Synodontidae,15,6,14,5,112.0
Discocelis tigrina,Leptoplana mediterranea,Discocelidae,Leptoplanidae,12,8,11,5,111.3
Petalifera petalifera,Placida tardyi,Aplysiidae,Stiligeridae,22,4,18,5,110.7
Arctotheca calendula,Marcus-kochia littorea,Asteraceae,Brassicaceae,10,9,9,6,110.5
Irus irus,Rissoina bruguieri,Veneridae,Rissoidae,19,15,19,6,108.5
Irus irus,Loripinus fragilis,Veneridae,Lucinidae,10,8,9,5,107.9
Cyerce graeca,Dendrodoris grandiflora,Caliphyllidae,Dendrodorididae,9,6,8,5,107.2
Chromis limbata,Sphoeroides marmoratus,Pomacentridae,Tetraodontidae,22,14,22,12,106.6
Berghia verrucicornis,Leptoplana mediterranea,Aeolidiidae,Leptoplanidae,8,6,6,5,105.5
Irus irus,Musculus costulatus,Veneridae,Mytilidae,19,15,18,5,105.4
Lotus creticus,Marcus-kochia littorea,Fabaceae,Brassicaceae,10,7,9,10,103.0
Alvania discors,Gibberula miliaria,Rissoidae,Cystiscidae,13,12,13,5,102.8
Cestum veneris,Hippopodius hippopus,Cestidae,Hippopodiidae,18,7,14,7,102.6
Pallenis spinosa,Scabiosa atropurpurea,Asteraceae,Dipsacaceae,8,7,8,5,102.1
