region,year,obs_totales_catalogo
Catalunya,1968,2
Catalunya,1970,1
Catalunya,1975,1
Catalunya,1980,1
Catalunya,1982,1
Catalunya,1983,1
Catalunya,1984,1
Catalunya,1985,3
Catalunya,1994,1
Catalunya,1995,1
Catalunya,1996,3
Catalunya,1997,2
Catalunya,1998,2
Catalunya,1999,3
Catalunya,2000,1
Catalunya,2001,3
Catalunya,2002,11
Catalunya,2003,5
Catalunya,2004,19
Catalunya,2005,27
Catalunya,2006,18
Catalunya,2007,55
Catalunya,2008,858
Catalunya,2009,298
Catalunya,2010,92
Catalunya,2011,142
Catalunya,2012,408
Catalunya,2013,1220
Catalunya,2014,1634
Catalunya,2015,1670
Catalunya,2016,2477
Catalunya,2017,3520
Catalunya,2018,5303
Catalunya,2019,6470
Catalunya,2020,8051
Catalunya,2021,10939
Catalunya,2022,25543
Catalunya,2023,62083
Catalunya,2024,102301
Catalunya,2025,105404
Catalunya,2026,37731
España_caja,1904,1
España_caja,1968,2
España_caja,1970,7
España_caja,1971,2
España_caja,1973,1
España_caja,1975,1
España_caja,1976,1
España_caja,1978,1
España_caja,1979,1
España_caja,1980,7
España_caja,1981,1
España_caja,1982,2
España_caja,1983,2
España_caja,1984,5
España_caja,1985,4
España_caja,1986,9
España_caja,1988,16
España_caja,1989,11
España_caja,1990,2
España_caja,1991,6
España_caja,1992,4
España_caja,1993,5
España_caja,1994,8
España_caja,1995,14
España_caja,1996,11
España_caja,1997,11
España_caja,1998,13
España_caja,1999,35
España_caja,2000,21
España_caja,2001,24
España_caja,2002,77
España_caja,2003,74
España_caja,2004,191
España_caja,2005,182
España_caja,2006,217
España_caja,2007,306
España_caja,2008,1264
España_caja,2009,758
España_caja,2010,799
España_caja,2011,1331
España_caja,2012,1461
España_caja,2013,2333
España_caja,2014,3222
España_caja,2015,3642
España_caja,2016,5444
España_caja,2017,6876
España_caja,2018,10935
España_caja,2019,14618
España_caja,2020,19947
España_caja,2021,28029
España_caja,2022,46486
España_caja,2023,87827
España_caja,2024,128437
España_caja,2025,131516
España_caja,2026,48059
