especie,region,month,obs,fuente
Alopochen aegyptiaca,Catalunya,1,18,inat_hist
Alopochen aegyptiaca,Catalunya,2,11,inat_hist
Alopochen aegyptiaca,Catalunya,3,20,inat_hist
Alopochen aegyptiaca,Catalunya,4,26,inat_hist
Alopochen aegyptiaca,Catalunya,5,29,inat_hist
Alopochen aegyptiaca,Catalunya,6,18,inat_hist
Alopochen aegyptiaca,Catalunya,7,9,inat_hist
Alopochen aegyptiaca,Catalunya,8,12,inat_hist
Alopochen aegyptiaca,Catalunya,9,8,inat_hist
Alopochen aegyptiaca,Catalunya,10,3,inat_hist
Alopochen aegyptiaca,Catalunya,11,2,inat_hist
Alopochen aegyptiaca,Catalunya,12,11,inat_hist
Threskiornis aethiopicus,Catalunya,1,1,inat_hist
Threskiornis aethiopicus,Catalunya,2,3,inat_hist
Threskiornis aethiopicus,Catalunya,3,2,inat_hist
Threskiornis aethiopicus,Catalunya,4,1,inat_hist
Threskiornis aethiopicus,Catalunya,5,0,inat_hist
Threskiornis aethiopicus,Catalunya,6,0,inat_hist
Threskiornis aethiopicus,Catalunya,7,0,inat_hist
Threskiornis aethiopicus,Catalunya,8,0,inat_hist
Threskiornis aethiopicus,Catalunya,9,1,inat_hist
Threskiornis aethiopicus,Catalunya,10,0,inat_hist
Threskiornis aethiopicus,Catalunya,11,4,inat_hist
Threskiornis aethiopicus,Catalunya,12,4,inat_hist
Myocastor coypus,Catalunya,1,29,inat_hist
Myocastor coypus,Catalunya,2,30,inat_hist
Myocastor coypus,Catalunya,3,46,inat_hist
Myocastor coypus,Catalunya,4,63,inat_hist
Myocastor coypus,Catalunya,5,60,inat_hist
Myocastor coypus,Catalunya,6,39,inat_hist
Myocastor coypus,Catalunya,7,35,inat_hist
Myocastor coypus,Catalunya,8,61,inat_hist
Myocastor coypus,Catalunya,9,48,inat_hist
Myocastor coypus,Catalunya,10,27,inat_hist
Myocastor coypus,Catalunya,11,25,inat_hist
Myocastor coypus,Catalunya,12,35,inat_hist
Neogale vison,Catalunya,1,5,inat_hist
Neogale vison,Catalunya,2,6,inat_hist
Neogale vison,Catalunya,3,6,inat_hist
Neogale vison,Catalunya,4,9,inat_hist
Neogale vison,Catalunya,5,5,inat_hist
Neogale vison,Catalunya,6,7,inat_hist
Neogale vison,Catalunya,7,10,inat_hist
Neogale vison,Catalunya,8,12,inat_hist
Neogale vison,Catalunya,9,10,inat_hist
Neogale vison,Catalunya,10,8,inat_hist
Neogale vison,Catalunya,11,10,inat_hist
Neogale vison,Catalunya,12,3,inat_hist
Ameiurus melas,Catalunya,1,0,inat_hist
Ameiurus melas,Catalunya,2,0,inat_hist
Ameiurus melas,Catalunya,3,0,inat_hist
Ameiurus melas,Catalunya,4,1,inat_hist
Ameiurus melas,Catalunya,5,0,inat_hist
Ameiurus melas,Catalunya,6,0,inat_hist
Ameiurus melas,Catalunya,7,3,inat_hist
Ameiurus melas,Catalunya,8,0,inat_hist
Ameiurus melas,Catalunya,9,1,inat_hist
Ameiurus melas,Catalunya,10,2,inat_hist
Ameiurus melas,Catalunya,11,0,inat_hist
Ameiurus melas,Catalunya,12,0,inat_hist
Gambusia holbrooki,Catalunya,1,0,inat_hist
Gambusia holbrooki,Catalunya,2,1,inat_hist
Gambusia holbrooki,Catalunya,3,4,inat_hist
Gambusia holbrooki,Catalunya,4,23,inat_hist
Gambusia holbrooki,Catalunya,5,15,inat_hist
Gambusia holbrooki,Catalunya,6,13,inat_hist
Gambusia holbrooki,Catalunya,7,31,inat_hist
Gambusia holbrooki,Catalunya,8,16,inat_hist
Gambusia holbrooki,Catalunya,9,10,inat_hist
Gambusia holbrooki,Catalunya,10,11,inat_hist
Gambusia holbrooki,Catalunya,11,3,inat_hist
Gambusia holbrooki,Catalunya,12,1,inat_hist
Lepomis gibbosus,Catalunya,1,0,inat_hist
Lepomis gibbosus,Catalunya,2,0,inat_hist
Lepomis gibbosus,Catalunya,3,0,inat_hist
Lepomis gibbosus,Catalunya,4,1,inat_hist
Lepomis gibbosus,Catalunya,5,6,inat_hist
Lepomis gibbosus,Catalunya,6,6,inat_hist
Lepomis gibbosus,Catalunya,7,9,inat_hist
Lepomis gibbosus,Catalunya,8,5,inat_hist
Lepomis gibbosus,Catalunya,9,4,inat_hist
Lepomis gibbosus,Catalunya,10,4,inat_hist
Lepomis gibbosus,Catalunya,11,0,inat_hist
Lepomis gibbosus,Catalunya,12,1,inat_hist
Misgurnus anguillicaudatus,Catalunya,1,0,inat_hist
Misgurnus anguillicaudatus,Catalunya,2,0,inat_hist
Misgurnus anguillicaudatus,Catalunya,3,0,inat_hist
Misgurnus anguillicaudatus,Catalunya,4,0,inat_hist
Misgurnus anguillicaudatus,Catalunya,5,0,inat_hist
Misgurnus anguillicaudatus,Catalunya,6,1,inat_hist
Misgurnus anguillicaudatus,Catalunya,7,0,inat_hist
Misgurnus anguillicaudatus,Catalunya,8,0,inat_hist
Misgurnus anguillicaudatus,Catalunya,9,1,inat_hist
Misgurnus anguillicaudatus,Catalunya,10,0,inat_hist
Misgurnus anguillicaudatus,Catalunya,11,0,inat_hist
Misgurnus anguillicaudatus,Catalunya,12,0,inat_hist
Pseudorasbora parva,Catalunya,1,0,inat_hist
Pseudorasbora parva,Catalunya,2,0,inat_hist
Pseudorasbora parva,Catalunya,3,3,inat_hist
Pseudorasbora parva,Catalunya,4,0,inat_hist
Pseudorasbora parva,Catalunya,5,1,inat_hist
Pseudorasbora parva,Catalunya,6,2,inat_hist
Pseudorasbora parva,Catalunya,7,2,inat_hist
Pseudorasbora parva,Catalunya,8,0,inat_hist
Pseudorasbora parva,Catalunya,9,0,inat_hist
Pseudorasbora parva,Catalunya,10,0,inat_hist
Pseudorasbora parva,Catalunya,11,0,inat_hist
Pseudorasbora parva,Catalunya,12,0,inat_hist
Orconectes limosus,Catalunya,1,0,inat_hist
Orconectes limosus,Catalunya,2,0,inat_hist
Orconectes limosus,Catalunya,3,0,inat_hist
Orconectes limosus,Catalunya,4,0,inat_hist
Orconectes limosus,Catalunya,5,0,inat_hist
Orconectes limosus,Catalunya,6,0,inat_hist
Orconectes limosus,Catalunya,7,0,inat_hist
Orconectes limosus,Catalunya,8,1,inat_hist
Orconectes limosus,Catalunya,9,0,inat_hist
Orconectes limosus,Catalunya,10,0,inat_hist
Orconectes limosus,Catalunya,11,0,inat_hist
Orconectes limosus,Catalunya,12,0,inat_hist
Pacifastacus leniusculus,Catalunya,1,0,inat_hist
Pacifastacus leniusculus,Catalunya,2,0,inat_hist
Pacifastacus leniusculus,Catalunya,3,0,inat_hist
Pacifastacus leniusculus,Catalunya,4,0,inat_hist
Pacifastacus leniusculus,Catalunya,5,1,inat_hist
Pacifastacus leniusculus,Catalunya,6,11,inat_hist
Pacifastacus leniusculus,Catalunya,7,7,inat_hist
Pacifastacus leniusculus,Catalunya,8,11,inat_hist
Pacifastacus leniusculus,Catalunya,9,3,inat_hist
Pacifastacus leniusculus,Catalunya,10,1,inat_hist
Pacifastacus leniusculus,Catalunya,11,1,inat_hist
Pacifastacus leniusculus,Catalunya,12,0,inat_hist
Procambarus clarkii,Catalunya,1,12,inat_hist
Procambarus clarkii,Catalunya,2,9,inat_hist
Procambarus clarkii,Catalunya,3,14,inat_hist
Procambarus clarkii,Catalunya,4,31,inat_hist
Procambarus clarkii,Catalunya,5,73,inat_hist
Procambarus clarkii,Catalunya,6,92,inat_hist
Procambarus clarkii,Catalunya,7,65,inat_hist
Procambarus clarkii,Catalunya,8,116,inat_hist
Procambarus clarkii,Catalunya,9,140,inat_hist
Procambarus clarkii,Catalunya,10,62,inat_hist
Procambarus clarkii,Catalunya,11,22,inat_hist
Procambarus clarkii,Catalunya,12,10,inat_hist
Trachemys scripta elegans,Catalunya,1,5,inat_hist
Trachemys scripta elegans,Catalunya,2,11,inat_hist
Trachemys scripta elegans,Catalunya,3,30,inat_hist
Trachemys scripta elegans,Catalunya,4,36,inat_hist
Trachemys scripta elegans,Catalunya,5,50,inat_hist
Trachemys scripta elegans,Catalunya,6,17,inat_hist
Trachemys scripta elegans,Catalunya,7,30,inat_hist
Trachemys scripta elegans,Catalunya,8,23,inat_hist
Trachemys scripta elegans,Catalunya,9,23,inat_hist
Trachemys scripta elegans,Catalunya,10,23,inat_hist
Trachemys scripta elegans,Catalunya,11,11,inat_hist
Trachemys scripta elegans,Catalunya,12,4,inat_hist
Vespa velutina nigrithorax,Catalunya,1,7,inat_hist
Vespa velutina nigrithorax,Catalunya,2,4,inat_hist
Vespa velutina nigrithorax,Catalunya,3,6,inat_hist
Vespa velutina nigrithorax,Catalunya,4,0,inat_hist
Vespa velutina nigrithorax,Catalunya,5,1,inat_hist
Vespa velutina nigrithorax,Catalunya,6,2,inat_hist
Vespa velutina nigrithorax,Catalunya,7,7,inat_hist
Vespa velutina nigrithorax,Catalunya,8,7,inat_hist
Vespa velutina nigrithorax,Catalunya,9,24,inat_hist
Vespa velutina nigrithorax,Catalunya,10,36,inat_hist
Vespa velutina nigrithorax,Catalunya,11,39,inat_hist
Vespa velutina nigrithorax,Catalunya,12,23,inat_hist
Bipalium kewense,Catalunya,1,0,inat_hist
Bipalium kewense,Catalunya,2,1,inat_hist
Bipalium kewense,Catalunya,3,0,inat_hist
Bipalium kewense,Catalunya,4,0,inat_hist
Bipalium kewense,Catalunya,5,1,inat_hist
Bipalium kewense,Catalunya,6,0,inat_hist
Bipalium kewense,Catalunya,7,0,inat_hist
Bipalium kewense,Catalunya,8,0,inat_hist
Bipalium kewense,Catalunya,9,0,inat_hist
Bipalium kewense,Catalunya,10,0,inat_hist
Bipalium kewense,Catalunya,11,1,inat_hist
Bipalium kewense,Catalunya,12,0,inat_hist
Obama nungara,Catalunya,1,0,inat_hist
Obama nungara,Catalunya,2,2,inat_hist
Obama nungara,Catalunya,3,4,inat_hist
Obama nungara,Catalunya,4,3,inat_hist
Obama nungara,Catalunya,5,1,inat_hist
Obama nungara,Catalunya,6,4,inat_hist
Obama nungara,Catalunya,7,1,inat_hist
Obama nungara,Catalunya,8,1,inat_hist
Obama nungara,Catalunya,9,0,inat_hist
Obama nungara,Catalunya,10,3,inat_hist
Obama nungara,Catalunya,11,1,inat_hist
Obama nungara,Catalunya,12,0,inat_hist
Acacia saligna,Catalunya,1,4,inat_hist
Acacia saligna,Catalunya,2,3,inat_hist
Acacia saligna,Catalunya,3,11,inat_hist
Acacia saligna,Catalunya,4,19,inat_hist
Acacia saligna,Catalunya,5,7,inat_hist
Acacia saligna,Catalunya,6,7,inat_hist
Acacia saligna,Catalunya,7,4,inat_hist
Acacia saligna,Catalunya,8,1,inat_hist
Acacia saligna,Catalunya,9,2,inat_hist
Acacia saligna,Catalunya,10,3,inat_hist
Acacia saligna,Catalunya,11,1,inat_hist
Acacia saligna,Catalunya,12,3,inat_hist
Ailanthus altissima,Catalunya,1,17,inat_hist
Ailanthus altissima,Catalunya,2,3,inat_hist
Ailanthus altissima,Catalunya,3,25,inat_hist
Ailanthus altissima,Catalunya,4,128,inat_hist
Ailanthus altissima,Catalunya,5,334,inat_hist
Ailanthus altissima,Catalunya,6,160,inat_hist
Ailanthus altissima,Catalunya,7,317,inat_hist
Ailanthus altissima,Catalunya,8,131,inat_hist
Ailanthus altissima,Catalunya,9,116,inat_hist
Ailanthus altissima,Catalunya,10,120,inat_hist
Ailanthus altissima,Catalunya,11,125,inat_hist
Ailanthus altissima,Catalunya,12,64,inat_hist
Alternanthera philoxeroides,Catalunya,1,0,inat_hist
Alternanthera philoxeroides,Catalunya,2,0,inat_hist
Alternanthera philoxeroides,Catalunya,3,0,inat_hist
Alternanthera philoxeroides,Catalunya,4,0,inat_hist
Alternanthera philoxeroides,Catalunya,5,1,inat_hist
Alternanthera philoxeroides,Catalunya,6,0,inat_hist
Alternanthera philoxeroides,Catalunya,7,0,inat_hist
Alternanthera philoxeroides,Catalunya,8,1,inat_hist
Alternanthera philoxeroides,Catalunya,9,0,inat_hist
Alternanthera philoxeroides,Catalunya,10,0,inat_hist
Alternanthera philoxeroides,Catalunya,11,0,inat_hist
Alternanthera philoxeroides,Catalunya,12,0,inat_hist
Andropogon virginicus,Catalunya,1,1,inat_hist
Andropogon virginicus,Catalunya,2,0,inat_hist
Andropogon virginicus,Catalunya,3,0,inat_hist
Andropogon virginicus,Catalunya,4,0,inat_hist
Andropogon virginicus,Catalunya,5,0,inat_hist
Andropogon virginicus,Catalunya,6,0,inat_hist
Andropogon virginicus,Catalunya,7,0,inat_hist
Andropogon virginicus,Catalunya,8,0,inat_hist
Andropogon virginicus,Catalunya,9,0,inat_hist
Andropogon virginicus,Catalunya,10,0,inat_hist
Andropogon virginicus,Catalunya,11,0,inat_hist
Andropogon virginicus,Catalunya,12,0,inat_hist
Broussonetia papyrifera,Catalunya,1,1,inat_hist
Broussonetia papyrifera,Catalunya,2,0,inat_hist
Broussonetia papyrifera,Catalunya,3,2,inat_hist
Broussonetia papyrifera,Catalunya,4,22,inat_hist
Broussonetia papyrifera,Catalunya,5,27,inat_hist
Broussonetia papyrifera,Catalunya,6,23,inat_hist
Broussonetia papyrifera,Catalunya,7,22,inat_hist
Broussonetia papyrifera,Catalunya,8,22,inat_hist
Broussonetia papyrifera,Catalunya,9,19,inat_hist
Broussonetia papyrifera,Catalunya,10,18,inat_hist
Broussonetia papyrifera,Catalunya,11,18,inat_hist
Broussonetia papyrifera,Catalunya,12,1,inat_hist
Cardiospermum grandiflorum,Catalunya,1,1,inat_hist
Cardiospermum grandiflorum,Catalunya,2,0,inat_hist
Cardiospermum grandiflorum,Catalunya,3,0,inat_hist
Cardiospermum grandiflorum,Catalunya,4,0,inat_hist
Cardiospermum grandiflorum,Catalunya,5,0,inat_hist
Cardiospermum grandiflorum,Catalunya,6,0,inat_hist
Cardiospermum grandiflorum,Catalunya,7,0,inat_hist
Cardiospermum grandiflorum,Catalunya,8,0,inat_hist
Cardiospermum grandiflorum,Catalunya,9,0,inat_hist
Cardiospermum grandiflorum,Catalunya,10,2,inat_hist
Cardiospermum grandiflorum,Catalunya,11,0,inat_hist
Cardiospermum grandiflorum,Catalunya,12,0,inat_hist
Delairea odorata,Catalunya,1,9,inat_hist
Delairea odorata,Catalunya,2,9,inat_hist
Delairea odorata,Catalunya,3,13,inat_hist
Delairea odorata,Catalunya,4,10,inat_hist
Delairea odorata,Catalunya,5,12,inat_hist
Delairea odorata,Catalunya,6,5,inat_hist
Delairea odorata,Catalunya,7,6,inat_hist
Delairea odorata,Catalunya,8,4,inat_hist
Delairea odorata,Catalunya,9,2,inat_hist
Delairea odorata,Catalunya,10,3,inat_hist
Delairea odorata,Catalunya,11,12,inat_hist
Delairea odorata,Catalunya,12,22,inat_hist
Elodea nuttallii,Catalunya,1,0,inat_hist
Elodea nuttallii,Catalunya,2,0,inat_hist
Elodea nuttallii,Catalunya,3,0,inat_hist
Elodea nuttallii,Catalunya,4,1,inat_hist
Elodea nuttallii,Catalunya,5,1,inat_hist
Elodea nuttallii,Catalunya,6,0,inat_hist
Elodea nuttallii,Catalunya,7,0,inat_hist
Elodea nuttallii,Catalunya,8,0,inat_hist
Elodea nuttallii,Catalunya,9,0,inat_hist
Elodea nuttallii,Catalunya,10,0,inat_hist
Elodea nuttallii,Catalunya,11,0,inat_hist
Elodea nuttallii,Catalunya,12,0,inat_hist
Impatiens glandulifera,Catalunya,1,0,inat_hist
Impatiens glandulifera,Catalunya,2,0,inat_hist
Impatiens glandulifera,Catalunya,3,0,inat_hist
Impatiens glandulifera,Catalunya,4,0,inat_hist
Impatiens glandulifera,Catalunya,5,0,inat_hist
Impatiens glandulifera,Catalunya,6,0,inat_hist
Impatiens glandulifera,Catalunya,7,3,inat_hist
Impatiens glandulifera,Catalunya,8,3,inat_hist
Impatiens glandulifera,Catalunya,9,4,inat_hist
Impatiens glandulifera,Catalunya,10,0,inat_hist
Impatiens glandulifera,Catalunya,11,0,inat_hist
Impatiens glandulifera,Catalunya,12,0,inat_hist
Ludwigia grandiflora,Catalunya,1,0,inat_hist
Ludwigia grandiflora,Catalunya,2,0,inat_hist
Ludwigia grandiflora,Catalunya,3,0,inat_hist
Ludwigia grandiflora,Catalunya,4,0,inat_hist
Ludwigia grandiflora,Catalunya,5,0,inat_hist
Ludwigia grandiflora,Catalunya,6,0,inat_hist
Ludwigia grandiflora,Catalunya,7,0,inat_hist
Ludwigia grandiflora,Catalunya,8,1,inat_hist
Ludwigia grandiflora,Catalunya,9,0,inat_hist
Ludwigia grandiflora,Catalunya,10,0,inat_hist
Ludwigia grandiflora,Catalunya,11,0,inat_hist
Ludwigia grandiflora,Catalunya,12,0,inat_hist
Ludwigia peploides,Catalunya,1,1,inat_hist
Ludwigia peploides,Catalunya,2,1,inat_hist
Ludwigia peploides,Catalunya,3,1,inat_hist
Ludwigia peploides,Catalunya,4,4,inat_hist
Ludwigia peploides,Catalunya,5,2,inat_hist
Ludwigia peploides,Catalunya,6,4,inat_hist
Ludwigia peploides,Catalunya,7,7,inat_hist
Ludwigia peploides,Catalunya,8,16,inat_hist
Ludwigia peploides,Catalunya,9,13,inat_hist
Ludwigia peploides,Catalunya,10,5,inat_hist
Ludwigia peploides,Catalunya,11,4,inat_hist
Ludwigia peploides,Catalunya,12,0,inat_hist
Myriophyllum aquaticum,Catalunya,1,0,inat_hist
Myriophyllum aquaticum,Catalunya,2,0,inat_hist
Myriophyllum aquaticum,Catalunya,3,0,inat_hist
Myriophyllum aquaticum,Catalunya,4,0,inat_hist
Myriophyllum aquaticum,Catalunya,5,0,inat_hist
Myriophyllum aquaticum,Catalunya,6,0,inat_hist
Myriophyllum aquaticum,Catalunya,7,0,inat_hist
Myriophyllum aquaticum,Catalunya,8,0,inat_hist
Myriophyllum aquaticum,Catalunya,9,1,inat_hist
Myriophyllum aquaticum,Catalunya,10,0,inat_hist
Myriophyllum aquaticum,Catalunya,11,0,inat_hist
Myriophyllum aquaticum,Catalunya,12,0,inat_hist
Pennisetum setaceum,Catalunya,1,12,inat_hist
Pennisetum setaceum,Catalunya,2,2,inat_hist
Pennisetum setaceum,Catalunya,3,3,inat_hist
Pennisetum setaceum,Catalunya,4,5,inat_hist
Pennisetum setaceum,Catalunya,5,15,inat_hist
Pennisetum setaceum,Catalunya,6,4,inat_hist
Pennisetum setaceum,Catalunya,7,14,inat_hist
Pennisetum setaceum,Catalunya,8,6,inat_hist
Pennisetum setaceum,Catalunya,9,6,inat_hist
Pennisetum setaceum,Catalunya,10,12,inat_hist
Pennisetum setaceum,Catalunya,11,17,inat_hist
Pennisetum setaceum,Catalunya,12,13,inat_hist
Reynoutria japonica,Catalunya,1,0,inat_hist
Reynoutria japonica,Catalunya,2,1,inat_hist
Reynoutria japonica,Catalunya,3,0,inat_hist
Reynoutria japonica,Catalunya,4,0,inat_hist
Reynoutria japonica,Catalunya,5,1,inat_hist
Reynoutria japonica,Catalunya,6,1,inat_hist
Reynoutria japonica,Catalunya,7,3,inat_hist
Reynoutria japonica,Catalunya,8,2,inat_hist
Reynoutria japonica,Catalunya,9,1,inat_hist
Reynoutria japonica,Catalunya,10,3,inat_hist
Reynoutria japonica,Catalunya,11,1,inat_hist
Reynoutria japonica,Catalunya,12,0,inat_hist
Reynoutria sachalinensis,Catalunya,1,0,inat_hist
Reynoutria sachalinensis,Catalunya,2,0,inat_hist
Reynoutria sachalinensis,Catalunya,3,0,inat_hist
Reynoutria sachalinensis,Catalunya,4,0,inat_hist
Reynoutria sachalinensis,Catalunya,5,0,inat_hist
Reynoutria sachalinensis,Catalunya,6,0,inat_hist
Reynoutria sachalinensis,Catalunya,7,0,inat_hist
Reynoutria sachalinensis,Catalunya,8,0,inat_hist
Reynoutria sachalinensis,Catalunya,9,1,inat_hist
Reynoutria sachalinensis,Catalunya,10,0,inat_hist
Reynoutria sachalinensis,Catalunya,11,0,inat_hist
Reynoutria sachalinensis,Catalunya,12,0,inat_hist
Rugulopteryx okamurae,Catalunya,1,8,inat_hist
Rugulopteryx okamurae,Catalunya,2,6,inat_hist
Rugulopteryx okamurae,Catalunya,3,3,inat_hist
Rugulopteryx okamurae,Catalunya,4,10,inat_hist
Rugulopteryx okamurae,Catalunya,5,7,inat_hist
Rugulopteryx okamurae,Catalunya,6,6,inat_hist
Rugulopteryx okamurae,Catalunya,7,0,inat_hist
Rugulopteryx okamurae,Catalunya,8,5,inat_hist
Rugulopteryx okamurae,Catalunya,9,20,inat_hist
Rugulopteryx okamurae,Catalunya,10,7,inat_hist
Rugulopteryx okamurae,Catalunya,11,5,inat_hist
Rugulopteryx okamurae,Catalunya,12,6,inat_hist
