especie,inat_taxon,presencia_catalunya,presencia_espana,obs_catalunya,obs_catalunya_inat,obs_catalunya_bioquest,obs_catalunya_minka_caja,observadores_catalunya,localidades_catalunya,obs_espana,obs_espana_inat,obs_espana_bioquest,observadores_espana,localidades_espana,categoria,medio,grupo_taxonomico,primera_obs_catalunya,primera_obs_catalunya_fuente,primera_obs_espana,primera_obs_espana_fuente,picos_expansion_cat,ratio_esfuerzo_norm_5y,origen_nativo_probable,via_entrada,origen_fuente,fuentes_cat,fuentes_es,kingdom,class,family
Acridotheres cristatellus,14872,no,sí,0,0,0,0,,,1,1,0,1,1,ausente,terrestre,Aves,,,2022-08-12,inat,,,,,,ninguna,inat:1,Animalia,Aves,Sturnidae
Acridotheres tristis,204454,no,no,0,0,0,0,,,0,0,0,,,ausente,terrestre,Aves,,,,,,,,,,ninguna,ninguna,Animalia,Aves,Sturnidae
Alopochen aegyptiaca,72486,sí,sí,167,167,0,10,100,92,2765,2765,0,1161,333,establecida,terrestre,Aves,2010-04-16,inat,2002-11-30,inat,,0.349,,,,inat:167+minka_caja:10,inat:2765,Animalia,Aves,Anatidae
Corvus splendens,8031,no,no,0,0,0,0,,,0,0,0,,,ausente,terrestre,Aves,,,,,,,,,,ninguna,ninguna,Animalia,Aves,Corvidae
Oxyura jamaicensis,850859,no,sí,0,0,0,0,,,5,0,5,,,ausente,terrestre,Aves,,,,,,,Desconocido,Vector desconocido,academy_invasive/wikidata+medida,ninguna,bioquest:5,Animalia,Aves,Anatidae
Pycnonotus cafer,14593,no,sí,0,0,0,0,,,64,64,0,56,47,ausente,terrestre,Aves,,,2017-02-20,inat,,,,,,ninguna,inat:64,Animalia,Aves,Pycnonotidae
Pycnonotus jocosus,14591,no,sí,0,0,0,0,,,191,191,0,101,114,ausente,terrestre,Aves,,,2005-11-25,inat,,,,,,ninguna,inat:191,Animalia,Aves,Pycnonotidae
Threskiornis aethiopicus,3739,sí,sí,16,16,0,2,14,13,51,51,0,49,45,establecida,terrestre,Aves,2005-03-25,inat,2004-04-15,inat,,0.135,,,,inat:16+minka_caja:2,inat:51,Animalia,Aves,Threskiornithidae
Axis axis,42166,no,no,0,0,0,0,,,0,0,0,,,ausente,terrestre,Mammalia,,,,,,,,,,ninguna,ninguna,Animalia,Mammalia,Cervidae
Callosciurus erythraeus,45952,no,no,0,0,0,0,,,0,0,0,,,ausente,terrestre,Mammalia,,,,,,,,,,ninguna,ninguna,Animalia,Mammalia,Sciuridae
Callosciurus finlaysonii,45949,no,no,0,0,0,0,,,0,0,0,,,ausente,terrestre,Mammalia,,,,,,,,,,ninguna,ninguna,Animalia,Mammalia,Sciuridae
Castor canadensis,43794,no,no,0,0,0,0,,,0,0,0,,,ausente,terrestre,Mammalia,,,,,,,,,,ninguna,ninguna,Animalia,Mammalia,Castoridae
Cervus nippon,42210,no,no,0,0,0,0,,,0,0,0,,,ausente,terrestre,Mammalia,,,,,,,,,,ninguna,ninguna,Animalia,Mammalia,Cervidae
Herpestes javanicus,925973,no,no,0,0,0,0,,,0,0,0,,,ausente,terrestre,Mammalia,,,,,,,,,,ninguna,ninguna,Animalia,Mammalia,Herpestidae
Muntiacus reevesi,42187,no,no,0,0,0,0,,,0,0,0,,,ausente,terrestre,Mammalia,,,,,,,,,,ninguna,ninguna,Animalia,Mammalia,Cervidae
Myocastor coypus,43997,sí,sí,498,498,0,31,301,242,544,544,0,333,272,establecida,terrestre,Mammalia,2012-06-25,inat,2012-06-25,inat,2021;2026,0.902,,,,inat:498+minka_caja:31,inat:544,Animalia,Mammalia,Echimyidae
Nasua nasua,41670,no,no,0,0,0,0,,,0,0,0,,,ausente,terrestre,Mammalia,,,,,,,,,,ninguna,ninguna,Animalia,Mammalia,Procyonidae
Neogale vison,1264432,sí,sí,109,91,109,10,64,76,426,342,426,236,309,establecida,terrestre,Mammalia,2010-08-08,inat,2010-08-08,inat,,0.282,Norteamérica,Escapes de granjas peleteras,academy_invasive/wikidata+medida,bioquest:109+inat:91+minka_caja:10,bioquest:426+inat:342,Animalia,Mammalia,Mustelidae
Nyctereutes procyonoides,855311,no,no,0,0,0,0,,,0,0,0,,,ausente,terrestre,Mammalia,,,,,,,,,,ninguna,ninguna,Animalia,Mammalia,Canidae
Ondatra zibethicus,45763,no,sí,0,0,0,0,,,1,1,0,1,1,ausente,terrestre,Mammalia,,,2020-09-03,inat,,,,,,ninguna,inat:1,Animalia,Mammalia,Cricetidae
Procyon lotor,41663,no,sí,0,0,0,0,,,30,30,27,22,27,ausente,terrestre,Mammalia,,,2013-07-18,inat,,,Norteamérica,Liberación / escape de mascotas exóticas,academy_invasive/wikidata+medida,ninguna,bioquest:27+inat:30,Animalia,Mammalia,Procyonidae
Sciurus carolinensis,46017,no,no,0,0,0,0,,,0,0,0,,,ausente,terrestre,Mammalia,,,,,,,,,,ninguna,ninguna,Animalia,Mammalia,Sciuridae
Sciurus niger,46020,no,no,0,0,0,0,,,0,0,0,,,ausente,terrestre,Mammalia,,,,,,,,,,ninguna,ninguna,Animalia,Mammalia,Sciuridae
Tamias sibiricus,520585,no,no,0,0,0,0,,,0,0,0,,,ausente,terrestre,Mammalia,,,,,,,,,,ninguna,ninguna,Animalia,Mammalia,Sciuridae
Ameiurus melas,82278,sí,sí,7,7,0,0,5,6,119,119,0,80,94,ocasional_o_puntual,agua_dulce,Peces,2018-09-25,inat,2012-05-03,inat,,0.506,,,,inat:7,inat:119,Animalia,Actinopterygii,Ictaluridae
Channa argus,128487,no,no,0,0,0,0,,,0,0,0,,,ausente,agua_dulce,Peces,,,,,,,,,,ninguna,ninguna,Animalia,Actinopterygii,Channidae
Fundulus heteroclitus,58642,no,sí,0,0,0,0,,,20,20,0,3,7,ausente,agua_dulce,Peces,,,2023-02-04,inat,,,,,,ninguna,inat:20,Animalia,Actinopterygii,Fundulidae
Gambusia affinis,59115,sí,no,1,0,0,1,,,0,0,0,,,ocasional_o_puntual,agua_dulce,Peces,,,,,,,,,,minka_caja:1,ninguna,Animalia,Actinopterygii,Poeciliidae
Gambusia holbrooki,101204,sí,sí,128,128,0,32,89,93,644,644,0,365,464,en_expansion,agua_dulce,Peces,2007-07-13,inat,2007-07-13,inat,,1.619,,,,inat:128+minka_caja:32,inat:644,Animalia,Actinopterygii,Poeciliidae
Lepomis gibbosus,49614,sí,sí,36,36,0,5,28,34,668,668,0,199,225,establecida,agua_dulce,Peces,2003-07-21,inat,2003-07-21,inat,,0.731,,,,inat:36+minka_caja:5,inat:668,Animalia,Actinopterygii,Centrarchidae
Misgurnus anguillicaudatus,128425,sí,sí,2,2,0,0,2,2,2,2,0,2,2,ocasional_o_puntual,agua_dulce,Peces,2020-06-19,inat,2020-06-19,inat,,0.084,,,,inat:2,inat:2,Animalia,Actinopterygii,Cobitidae
Misgurnus bipartitus,1316539,no,no,0,0,0,0,,,0,0,0,,,ausente,agua_dulce,Peces,,,,,,,,,,ninguna,ninguna,Animalia,Actinopterygii,Cobitidae
Morone americana,84432,no,no,0,0,0,0,,,0,0,0,,,ausente,agua_dulce,Peces,,,,,,,,,,ninguna,ninguna,Animalia,Actinopterygii,Moronidae
Perccottus glenii,437871,no,no,0,0,0,0,,,0,0,0,,,ausente,agua_dulce,Peces,,,,,,,,,,ninguna,ninguna,Animalia,Actinopterygii,Odontobutidae
Plotosus lineatus,49210,no,no,0,0,0,0,,,0,0,0,,,ausente,agua_dulce,Peces,,,,,,,,,,ninguna,ninguna,Animalia,Actinopterygii,Plotosidae
Pseudorasbora parva,118880,sí,sí,8,8,0,0,6,8,14,14,0,11,14,ocasional_o_puntual,agua_dulce,Peces,2015-07-08,inat,2015-07-08,inat,,0.126,,,,inat:8,inat:14,Animalia,Actinopterygii,Gobionidae
Cherax destructor,97352,no,no,0,0,0,0,,,0,0,0,,,ausente,agua_dulce,Crustacea,,,,,,,,,,ninguna,ninguna,Animalia,Malacostraca,Parastacidae
Eriocheir sinensis,63038,no,no,0,0,0,0,,,0,0,0,,,ausente,agua_dulce,Crustacea,,,,,,,,,,ninguna,ninguna,Animalia,Malacostraca,Varunidae
Faxonius immunis,776085,no,no,0,0,0,0,,,0,0,0,,,ausente,agua_dulce,Crustacea,,,,,,,,,,ninguna,ninguna,Animalia,Malacostraca,Cambaridae
Faxonius rusticus,776076,no,no,0,0,0,0,,,0,0,0,,,ausente,agua_dulce,Crustacea,,,,,,,,,,ninguna,ninguna,Animalia,Malacostraca,Cambaridae
Orconectes limosus,776128,sí,sí,1,1,0,0,1,1,1,1,0,1,1,ocasional_o_puntual,agua_dulce,Crustacea,2025-08-17,inat,2025-08-17,inat,,99.0,,,,inat:1,inat:1,Animalia,Malacostraca,Cambaridae
Orconectes virilis,776137,no,no,0,0,0,0,,,0,0,0,,,ausente,agua_dulce,Crustacea,,,,,,,,,,ninguna,ninguna,Animalia,Malacostraca,Cambaridae
Pacifastacus leniusculus,53708,sí,sí,35,35,0,1,26,33,636,636,0,454,535,establecida,agua_dulce,Crustacea,2018-08-27,inat,2006-02-26,inat,2026,0.618,,,,inat:35+minka_caja:1,inat:636,Animalia,Malacostraca,Astacidae
Procambarus clarkii,51221,sí,sí,646,646,0,174,386,441,2569,2569,0,1346,511,establecida,agua_dulce,Crustacea,2001-09-23,inat,1990-09-01,inat,,0.453,,,,inat:646+minka_caja:174,inat:2569,Animalia,Malacostraca,Cambaridae
Procambarus virginalis,633572,no,no,0,0,0,0,,,0,0,0,,,ausente,agua_dulce,Crustacea,,,,,,,,,,ninguna,ninguna,Animalia,Malacostraca,Cambaridae
Lampropeltis getula,29813,no,no,0,0,0,0,,,0,0,0,,,ausente,terrestre,Reptilia,,,,,,,,,,ninguna,ninguna,Animalia,Reptilia,Colubridae
Trachemys scripta elegans,51271,sí,sí,263,263,0,14,138,177,679,679,0,409,462,establecida,agua_dulce,Reptilia,2006-05-06,inat,2004-03-20,inat,,0.234,Norteamérica,Liberación de mascotas (acuariofilia/terrariofilia),academy_invasive/wikidata+medida,inat:263+minka_caja:14,inat:679,Animalia,Reptilia,Emydidae
Lithobates catesbeianus,65979,no,no,0,0,0,0,,,0,0,0,,,ausente,terrestre,Amphibia,,,,,,,,,,ninguna,ninguna,Animalia,Amphibia,Ranidae
Xenopus laevis,25457,no,no,0,0,0,0,,,0,0,0,,,ausente,terrestre,Amphibia,,,,,,,,,,ninguna,ninguna,Animalia,Amphibia,Pipidae
Brachyponera chinensis,367034,no,no,0,0,0,0,,,0,0,0,,,ausente,terrestre,Insecta,,,,,,,,,,ninguna,ninguna,Animalia,Insecta,Formicidae
Solenopsis geminata,67596,no,no,0,0,0,0,,,0,0,0,,,ausente,terrestre,Insecta,,,,,,,,,,ninguna,ninguna,Animalia,Insecta,Formicidae
Solenopsis invicta,67598,no,no,0,0,0,0,,,0,0,0,,,ausente,terrestre,Insecta,,,,,,,,,,ninguna,ninguna,Animalia,Insecta,Formicidae
Solenopsis richteri,231124,no,no,0,0,0,0,,,0,0,0,,,ausente,terrestre,Insecta,,,,,,,,,,ninguna,ninguna,Animalia,Insecta,Formicidae
Vespa mandarinia,322284,no,no,0,0,0,0,,,0,0,0,,,ausente,terrestre,Insecta,,,,,,,,,,ninguna,ninguna,Animalia,Insecta,Vespidae
Vespa velutina nigrithorax,560197,sí,sí,156,156,0,0,88,143,368,368,0,220,341,en_expansion,terrestre,Insecta,2017-11-22,inat,2015-11-20,inat,,1.626,,,,inat:156,inat:368,Animalia,Insecta,Vespidae
Wasmannia auropunctata,1704594,no,sí,0,0,0,0,,,11,11,0,4,10,ausente,terrestre,Insecta,,,2024-07-18,inat,,,,,,ninguna,inat:11,Animalia,Insecta,Formicidae
Cipangopaludina chinensis,1672221,no,no,0,0,0,0,,,0,0,0,,,ausente,terrestre,Gastropoda,,,,,,,,,,ninguna,ninguna,Animalia,Gastropoda,Viviparidae
Limnoperna fortunei,151630,no,no,0,0,0,0,,,0,0,0,,,ausente,terrestre,Bivalvia,,,,,,,,,,ninguna,ninguna,Animalia,Bivalvia,Modiolidae
Marisa cornuarietis,150778,no,no,0,0,0,0,,,0,0,0,,,ausente,terrestre,Gastropoda,,,,,,,,,,ninguna,ninguna,Animalia,Gastropoda,Ampullariidae
Mulinia lateralis,292186,no,sí,0,0,0,0,,,1,1,0,1,1,ausente,terrestre,Bivalvia,,,2026-06-01,inat,,,,,,ninguna,inat:1,Animalia,Bivalvia,Mactridae
Arthurdendyus triangulatus,475834,no,no,0,0,0,0,,,0,0,0,,,ausente,terrestre,Platyhelminthes,,,,,,,,,,ninguna,ninguna,Animalia,,Geoplanidae
Bipalium kewense,64221,sí,sí,3,3,0,0,3,3,33,33,0,31,32,ocasional_o_puntual,terrestre,Platyhelminthes,2018-02-07,inat,2013-07-28,inat,,0.042,,,,inat:3,inat:33,Animalia,,Geoplanidae
Obama nungara,531602,sí,sí,20,20,0,0,15,20,70,70,0,52,63,establecida,terrestre,Platyhelminthes,2016-02-29,inat,2016-02-29,inat,,0.211,,,,inat:20,inat:70,Animalia,,Geoplanidae
Platydemus manokwari,199342,no,no,0,0,0,0,,,0,0,0,,,ausente,terrestre,Platyhelminthes,,,,,,,,,,ninguna,ninguna,Animalia,,Geoplanidae
Asterias amurensis,152977,no,no,0,0,0,0,,,0,0,0,,,ausente,terrestre,Asteroidea,,,,,,,,,,ninguna,ninguna,Animalia,Asteroidea,Asteriidae
Acacia mearnsii,75250,no,sí,0,0,0,0,,,25,25,0,24,25,ausente,terrestre,Plantae,,,2018-01-01,inat,,,,,,ninguna,inat:25,Plantae,Magnoliopsida,Fabaceae
Acacia saligna,75255,sí,sí,65,65,0,6,49,55,1162,1162,0,703,517,en_expansion,terrestre,Plantae,2019-07-08,inat,2006-02-13,inat,2026,1.897,,,,inat:65+minka_caja:6,inat:1162,Plantae,Magnoliopsida,Fabaceae
Ailanthus altissima,57278,sí,sí,1540,1540,0,70,450,431,5915,5915,0,1565,493,en_expansion,terrestre,Plantae,2008-06-08,inat,2002-05-29,inat,2021,1.63,,,,inat:1540+minka_caja:70,inat:5915,Plantae,Magnoliopsida,Simaroubaceae
Alternanthera philoxeroides,75386,sí,sí,2,2,0,1,2,2,22,22,0,18,17,ocasional_o_puntual,agua_dulce,Plantae,2023-08-06,inat,2018-08-19,inat,,99.0,,,,inat:2+minka_caja:1,inat:22,Plantae,Magnoliopsida,Amaranthaceae
Andropogon virginicus,1617172,sí,sí,1,1,0,0,1,1,1,1,0,1,1,ocasional_o_puntual,terrestre,Plantae,2025-01-21,inat,2025-01-21,inat,,99.0,,,,inat:1,inat:1,Plantae,Liliopsida,Poaceae
Asclepias syriaca,47911,no,no,0,0,0,0,,,0,0,0,,,ausente,terrestre,Plantae,,,,,,,,,,ninguna,ninguna,Plantae,Magnoliopsida,Apocynaceae
Baccharis halimifolia,84813,no,sí,0,0,0,0,,,62,62,0,44,61,ausente,terrestre,Plantae,,,2017-08-08,inat,,,,,,ninguna,inat:62,Plantae,Magnoliopsida,Asteraceae
Broussonetia papyrifera,128032,sí,sí,175,175,0,13,93,145,251,251,0,145,212,establecida,terrestre,Plantae,2017-06-09,inat,2016-04-15,inat,2021,1.065,,,,inat:175+minka_caja:13,inat:251,Plantae,Magnoliopsida,Moraceae
Cabomba caroliniana,75921,no,no,0,0,0,0,,,0,0,0,,,ausente,agua_dulce,Plantae,,,,,,,,,,ninguna,ninguna,Plantae,Magnoliopsida,Cabombaceae
Cardiospermum grandiflorum,159852,sí,sí,3,3,0,1,3,3,192,192,0,138,164,ocasional_o_puntual,terrestre,Plantae,2015-10-03,inat,2005-03-09,inat,,99.0,,,,inat:3+minka_caja:1,inat:192,Plantae,Magnoliopsida,Sapindaceae
Celastrus orbiculatus,64540,no,no,0,0,0,0,,,0,0,0,,,ausente,terrestre,Plantae,,,,,,,,,,ninguna,ninguna,Plantae,Magnoliopsida,Celastraceae
Cortaderia jubata,52714,sí,sí,2,0,0,2,,,1,1,0,1,1,ocasional_o_puntual,terrestre,Plantae,,,2026-09-26,inat,,,,,,minka_caja:2,inat:1,Plantae,Liliopsida,Poaceae
Crassula helmsii,199392,no,sí,0,0,0,0,,,4,4,0,4,4,ausente,terrestre,Plantae,,,2022-09-18,inat,,,,,,ninguna,inat:4,Plantae,Magnoliopsida,Crassulaceae
Delairea odorata,53208,sí,sí,107,107,0,3,49,69,424,424,0,211,348,en_expansion,terrestre,Plantae,2009-12-29,inat,2009-05-15,inat,,1.551,,,,inat:107+minka_caja:3,inat:424,Plantae,Magnoliopsida,Asteraceae
Ehrharta calycina,76766,no,no,0,0,0,0,,,0,0,0,,,ausente,terrestre,Plantae,,,,,,,,,,ninguna,ninguna,Plantae,Liliopsida,Poaceae
Eichhornia crassipes,962637,no,sí,0,0,0,0,,,24,24,0,21,21,ausente,terrestre,Plantae,,,2002-03-18,inat,,,,,,ninguna,inat:24,Plantae,Liliopsida,Pontederiaceae
Elodea nuttallii,57623,sí,sí,2,2,0,0,1,2,2,2,0,1,2,ocasional_o_puntual,agua_dulce,Plantae,2022-04-05,inat,2022-04-05,inat,,99.0,,,,inat:2,inat:2,Plantae,Liliopsida,Hydrocharitaceae
Gymnocoronis spilanthoides,407490,no,no,0,0,0,0,,,0,0,0,,,ausente,terrestre,Plantae,,,,,,,,,,ninguna,ninguna,Plantae,Magnoliopsida,Asteraceae
Gunnera tinctoria,77310,no,sí,0,0,0,0,,,5,5,0,4,4,ausente,terrestre,Plantae,,,2025-08-31,inat,,,,,,ninguna,inat:5,Plantae,Magnoliopsida,Gunneraceae
Hakea sericea,321137,no,no,0,0,0,0,,,0,0,0,,,ausente,terrestre,Plantae,,,,,,,,,,ninguna,ninguna,Plantae,Magnoliopsida,Proteaceae
Heracleum mantegazzianum,130228,sí,no,2,0,0,2,,,0,0,0,,,ocasional_o_puntual,terrestre,Plantae,,,,,,,,,,minka_caja:2,ninguna,Plantae,Magnoliopsida,Apiaceae
Heracleum persicum,516305,no,no,0,0,0,0,,,0,0,0,,,ausente,terrestre,Plantae,,,,,,,,,,ninguna,ninguna,Plantae,Magnoliopsida,Apiaceae
Heracleum sosnowskyi,499936,no,no,0,0,0,0,,,0,0,0,,,ausente,terrestre,Plantae,,,,,,,,,,ninguna,ninguna,Plantae,Magnoliopsida,Apiaceae
Humulus scandens,474366,no,no,0,0,0,0,,,0,0,0,,,ausente,terrestre,Plantae,,,,,,,,,,ninguna,ninguna,Plantae,Magnoliopsida,Cannabaceae
Hydrocotyle ranunculoides,60951,no,sí,0,0,0,0,,,3,3,0,3,3,ausente,agua_dulce,Plantae,,,2022-01-23,inat,,,,,,ninguna,inat:3,Plantae,Magnoliopsida,Araliaceae
Impatiens glandulifera,47892,sí,sí,10,10,0,1,10,9,14,14,0,14,13,en_expansion,terrestre,Plantae,2022-08-21,inat,2019-08-15,inat,,99.0,,,,inat:10+minka_caja:1,inat:14,Plantae,Magnoliopsida,Balsaminaceae
Koenigia polystachya,768203,no,no,0,0,0,0,,,0,0,0,,,ausente,terrestre,Plantae,,,,,,,,,,ninguna,ninguna,Plantae,Magnoliopsida,Polygonaceae
Lagarosiphon major,208800,no,sí,0,0,0,0,,,2,2,0,2,2,ausente,agua_dulce,Plantae,,,2025-09-19,inat,,,,,,ninguna,inat:2,Plantae,Liliopsida,Hydrocharitaceae
Lespedeza cuneata,164566,no,no,0,0,0,0,,,0,0,0,,,ausente,terrestre,Plantae,,,,,,,,,,ninguna,ninguna,Plantae,Magnoliopsida,Fabaceae
Ludwigia grandiflora,77840,sí,sí,1,1,0,0,1,1,163,163,0,39,32,ocasional_o_puntual,agua_dulce,Plantae,2026-08-03,inat,2018-07-12,inat,,,,,,inat:1,inat:163,Plantae,Magnoliopsida,Onagraceae
Ludwigia peploides,60220,sí,sí,58,58,0,5,36,49,121,121,0,59,106,en_expansion,agua_dulce,Plantae,2009-08-02,inat,2009-08-02,inat,,99.0,,,,inat:58+minka_caja:5,inat:121,Plantae,Magnoliopsida,Onagraceae
Lygodium japonicum,164985,no,no,0,0,0,0,,,0,0,0,,,ausente,terrestre,Plantae,,,,,,,,,,ninguna,ninguna,Plantae,Polypodiopsida,Lygodiaceae
Lysichiton americanus,48537,no,no,0,0,0,0,,,0,0,0,,,ausente,terrestre,Plantae,,,,,,,,,,ninguna,ninguna,Plantae,Liliopsida,Araceae
Microstegium vimineum,116710,no,no,0,0,0,0,,,0,0,0,,,ausente,terrestre,Plantae,,,,,,,,,,ninguna,ninguna,Plantae,Liliopsida,Poaceae
Myriophyllum aquaticum,60202,sí,sí,1,1,0,0,1,1,50,50,0,29,37,ocasional_o_puntual,agua_dulce,Plantae,2025-09-15,inat,2015-08-29,inat,,99.0,,,,inat:1,inat:50,Plantae,Magnoliopsida,Haloragaceae
Myriophyllum heterophyllum,165603,no,no,0,0,0,0,,,0,0,0,,,ausente,agua_dulce,Plantae,,,,,,,,,,ninguna,ninguna,Plantae,Magnoliopsida,Haloragaceae
Nanozostera japonica,79558,no,no,0,0,0,0,,,0,0,0,,,ausente,terrestre,Plantae,,,,,,,,,,ninguna,ninguna,Plantae,Liliopsida,Zosteraceae
Parthenium hysterophorus,126424,no,no,0,0,0,0,,,0,0,0,,,ausente,terrestre,Plantae,,,,,,,,,,ninguna,ninguna,Plantae,Magnoliopsida,Asteraceae
Pennisetum setaceum,430581,sí,sí,109,109,0,0,50,75,1875,1875,0,928,497,en_expansion,terrestre,Plantae,2016-01-20,inat,2000-09-06,inat,2024,1.585,,,,inat:109,inat:1875,Plantae,Liliopsida,Poaceae
Persicaria perfoliata,131249,no,no,0,0,0,0,,,0,0,0,,,ausente,terrestre,Plantae,,,,,,,,,,ninguna,ninguna,Plantae,Magnoliopsida,Polygonaceae
Pistia stratiotes,78589,no,no,0,0,0,0,,,0,0,0,,,ausente,terrestre,Plantae,,,,,,,,,,ninguna,ninguna,Plantae,Liliopsida,Araceae
Prosopis juliflora,1493168,no,sí,0,0,0,0,,,1,1,0,1,1,ausente,terrestre,Plantae,,,2024-05-14,inat,,,,,,ninguna,inat:1,Plantae,Magnoliopsida,Fabaceae
Pueraria montana var. lobata,,no,no,0,0,0,0,,,0,0,0,,,ausente,terrestre,otro,,,,,,,,,,ninguna,ninguna,,,
Reynoutria japonica,914922,sí,sí,13,13,0,0,9,12,298,298,0,138,231,establecida,terrestre,Plantae,2018-07-20,inat,2008-09-24,inat,,0.253,,,,inat:13,inat:298,Plantae,Magnoliopsida,Polygonaceae
Reynoutria sachalinensis,593040,sí,sí,1,1,0,0,1,1,5,5,0,4,5,ocasional_o_puntual,terrestre,Plantae,2020-09-01,inat,2020-09-01,inat,,0.0,,,,inat:1,inat:5,Plantae,Magnoliopsida,Polygonaceae
Reynoutria x bohemica,850784,no,sí,0,0,0,0,,,2,2,0,2,2,ausente,terrestre,Plantae,,,2021-03-10,inat,,,,,,ninguna,inat:2,Plantae,Magnoliopsida,Polygonaceae
Rugulopteryx okamurae,956931,sí,sí,101,83,0,101,4,25,438,438,0,152,282,en_expansion,marino,Algas,2024-05-31,inat,2019-08-16,inat,,99.0,,,,inat:83+minka_caja:101,inat:438,Chromista,Phaeophyceae,Dictyotaceae
Salvinia molesta,78976,no,sí,0,0,0,0,,,4,4,0,4,4,ausente,agua_dulce,Plantae,,,2014-08-13,inat,,,,,,ninguna,inat:4,Plantae,Polypodiopsida,Salviniaceae
Triadica sebifera,79388,no,no,0,0,0,0,,,0,0,0,,,ausente,terrestre,Plantae,,,,,,,,,,ninguna,ninguna,Plantae,Magnoliopsida,Euphorbiaceae
