taxon_id,especie,n_total,n_med,n_es,n_cat,primera_med,coord_primera_med,primera_es_caja,coord_primera_es,primera_cat_caja,coord_primera_cat,ymin,ymax
123459,Pterois miles,1663,895,0,0,2015-08,"32.097,34.771",,,,,2000,2026
734863,Caulerpa cylindracea,725,641,453,402,2005-07,"43.050,9.845",2014-08,"41.151,1.439",2014-08,"41.151,1.439",2005,2026
107341,Oculina patagonica,1545,1524,1403,1289,2010-09,"38.500,-0.127",2010-09,"38.500,-0.127",2011-08,"40.827,0.760",2010,2026
132368,Lagocephalus sceleratus,335,299,0,0,2005-06,"36.852,25.474",,,,,1985,2026
57779,Asparagopsis armata,263,214,261,209,2008-04,"42.046,3.220",2008-04,"42.046,3.220",2008-04,"42.046,3.220",2008,2026
49504,Callinectes sapidus,240,234,226,216,2017-11,"41.296,2.126",2017-11,"41.296,2.126",2017-11,"41.296,2.126",2017,2026
67555,Codium fragile,1159,295,279,14,2010-08,"42.290,3.286",2010-08,"42.290,3.286",2010-08,"42.290,3.286",2002,2026
1264432,Neogale vison,2286,333,423,109,2007-08,"43.389,-0.384",2007-08,"43.389,-0.384",2010-08,"41.779,1.935",1970,2026
39782,Trachemys scripta,5118,4230,4091,1030,1994-05,"42.223,3.096",1994-05,"42.223,3.096",1994-05,"42.223,3.096",1994,2026
605992,Magallana gigas,4610,826,338,28,1999-11,"43.526,-5.388",1999-11,"43.526,-5.388",2018-04,"42.290,3.286",1994,2026
