especie,region,year,obs,esfuerzo_bioquest_caja,obs_por_1000_esfuerzo,fuente_serie
Acridotheres cristatellus,España,2022,1,46486,0.0215,inat_hist+bioquest
Alopochen aegyptiaca,Catalunya,2010,2,92,21.7391,inat_hist+bioquest
Alopochen aegyptiaca,Catalunya,2011,0,142,0.0,inat_hist+bioquest
Alopochen aegyptiaca,Catalunya,2012,0,408,0.0,inat_hist+bioquest
Alopochen aegyptiaca,Catalunya,2013,0,1220,0.0,inat_hist+bioquest
Alopochen aegyptiaca,Catalunya,2014,2,1634,1.224,inat_hist+bioquest
Alopochen aegyptiaca,Catalunya,2015,2,1670,1.1976,inat_hist+bioquest
Alopochen aegyptiaca,Catalunya,2016,3,2477,1.2111,inat_hist+bioquest
Alopochen aegyptiaca,Catalunya,2017,3,3520,0.8523,inat_hist+bioquest
Alopochen aegyptiaca,Catalunya,2018,5,5303,0.9429,inat_hist+bioquest
Alopochen aegyptiaca,Catalunya,2019,1,6470,0.1546,inat_hist+bioquest
Alopochen aegyptiaca,Catalunya,2020,10,8051,1.2421,inat_hist+bioquest
Alopochen aegyptiaca,Catalunya,2021,7,10939,0.6399,inat_hist+bioquest
Alopochen aegyptiaca,Catalunya,2022,21,25543,0.8221,inat_hist+bioquest
Alopochen aegyptiaca,Catalunya,2023,15,62083,0.2416,inat_hist+bioquest
Alopochen aegyptiaca,Catalunya,2024,14,102301,0.1369,inat_hist+bioquest
Alopochen aegyptiaca,Catalunya,2025,34,105404,0.3226,inat_hist+bioquest
Alopochen aegyptiaca,Catalunya,2026,48,37731,1.2722,inat_hist+bioquest
Alopochen aegyptiaca,España,2002,1,77,12.987,inat_hist+bioquest
Alopochen aegyptiaca,España,2003,0,74,0.0,inat_hist+bioquest
Alopochen aegyptiaca,España,2004,1,191,5.2356,inat_hist+bioquest
Alopochen aegyptiaca,España,2005,0,182,0.0,inat_hist+bioquest
Alopochen aegyptiaca,España,2006,4,217,18.4332,inat_hist+bioquest
Alopochen aegyptiaca,España,2007,0,306,0.0,inat_hist+bioquest
Alopochen aegyptiaca,España,2008,0,1264,0.0,inat_hist+bioquest
Alopochen aegyptiaca,España,2009,0,758,0.0,inat_hist+bioquest
Alopochen aegyptiaca,España,2010,4,799,5.0063,inat_hist+bioquest
Alopochen aegyptiaca,España,2011,0,1331,0.0,inat_hist+bioquest
Alopochen aegyptiaca,España,2012,1,1461,0.6845,inat_hist+bioquest
Alopochen aegyptiaca,España,2013,2,2333,0.8573,inat_hist+bioquest
Alopochen aegyptiaca,España,2014,4,3222,1.2415,inat_hist+bioquest
Alopochen aegyptiaca,España,2015,13,3642,3.5695,inat_hist+bioquest
Alopochen aegyptiaca,España,2016,12,5444,2.2043,inat_hist+bioquest
Alopochen aegyptiaca,España,2017,7,6876,1.018,inat_hist+bioquest
Alopochen aegyptiaca,España,2018,41,10935,3.7494,inat_hist+bioquest
Alopochen aegyptiaca,España,2019,71,14618,4.857,inat_hist+bioquest
Alopochen aegyptiaca,España,2020,133,19947,6.6677,inat_hist+bioquest
Alopochen aegyptiaca,España,2021,220,28029,7.849,inat_hist+bioquest
Alopochen aegyptiaca,España,2022,348,46486,7.4861,inat_hist+bioquest
Alopochen aegyptiaca,España,2023,393,87827,4.4747,inat_hist+bioquest
Alopochen aegyptiaca,España,2024,476,128437,3.7061,inat_hist+bioquest
Alopochen aegyptiaca,España,2025,558,131516,4.2428,inat_hist+bioquest
Alopochen aegyptiaca,España,2026,476,48059,9.9045,inat_hist+bioquest
Oxyura jamaicensis,España,2002,1,77,12.987,inat_hist+bioquest
Oxyura jamaicensis,España,2010,2,799,2.5031,inat_hist+bioquest
Oxyura jamaicensis,España,2015,1,3642,0.2746,inat_hist+bioquest
Oxyura jamaicensis,España,2017,1,6876,0.1454,inat_hist+bioquest
Pycnonotus cafer,España,2017,1,6876,0.1454,inat_hist+bioquest
Pycnonotus cafer,España,2018,1,10935,0.0914,inat_hist+bioquest
Pycnonotus cafer,España,2019,6,14618,0.4105,inat_hist+bioquest
Pycnonotus cafer,España,2020,1,19947,0.0501,inat_hist+bioquest
Pycnonotus cafer,España,2021,5,28029,0.1784,inat_hist+bioquest
Pycnonotus cafer,España,2022,3,46486,0.0645,inat_hist+bioquest
Pycnonotus cafer,España,2023,14,87827,0.1594,inat_hist+bioquest
Pycnonotus cafer,España,2024,11,128437,0.0856,inat_hist+bioquest
Pycnonotus cafer,España,2025,9,131516,0.0684,inat_hist+bioquest
Pycnonotus cafer,España,2026,13,48059,0.2705,inat_hist+bioquest
Pycnonotus jocosus,España,2005,1,182,5.4945,inat_hist+bioquest
Pycnonotus jocosus,España,2006,0,217,0.0,inat_hist+bioquest
Pycnonotus jocosus,España,2007,0,306,0.0,inat_hist+bioquest
Pycnonotus jocosus,España,2008,0,1264,0.0,inat_hist+bioquest
Pycnonotus jocosus,España,2009,0,758,0.0,inat_hist+bioquest
Pycnonotus jocosus,España,2010,1,799,1.2516,inat_hist+bioquest
Pycnonotus jocosus,España,2011,0,1331,0.0,inat_hist+bioquest
Pycnonotus jocosus,España,2012,1,1461,0.6845,inat_hist+bioquest
Pycnonotus jocosus,España,2013,2,2333,0.8573,inat_hist+bioquest
Pycnonotus jocosus,España,2014,3,3222,0.9311,inat_hist+bioquest
Pycnonotus jocosus,España,2015,0,3642,0.0,inat_hist+bioquest
Pycnonotus jocosus,España,2016,0,5444,0.0,inat_hist+bioquest
Pycnonotus jocosus,España,2017,0,6876,0.0,inat_hist+bioquest
Pycnonotus jocosus,España,2018,1,10935,0.0914,inat_hist+bioquest
Pycnonotus jocosus,España,2019,1,14618,0.0684,inat_hist+bioquest
Pycnonotus jocosus,España,2020,1,19947,0.0501,inat_hist+bioquest
Pycnonotus jocosus,España,2021,7,28029,0.2497,inat_hist+bioquest
Pycnonotus jocosus,España,2022,10,46486,0.2151,inat_hist+bioquest
Pycnonotus jocosus,España,2023,19,87827,0.2163,inat_hist+bioquest
Pycnonotus jocosus,España,2024,21,128437,0.1635,inat_hist+bioquest
Pycnonotus jocosus,España,2025,40,131516,0.3041,inat_hist+bioquest
Pycnonotus jocosus,España,2026,83,48059,1.727,inat_hist+bioquest
Threskiornis aethiopicus,Catalunya,2005,2,27,74.0741,inat_hist+bioquest
Threskiornis aethiopicus,Catalunya,2006,0,18,0.0,inat_hist+bioquest
Threskiornis aethiopicus,Catalunya,2007,0,55,0.0,inat_hist+bioquest
Threskiornis aethiopicus,Catalunya,2008,0,858,0.0,inat_hist+bioquest
Threskiornis aethiopicus,Catalunya,2009,0,298,0.0,inat_hist+bioquest
Threskiornis aethiopicus,Catalunya,2010,0,92,0.0,inat_hist+bioquest
Threskiornis aethiopicus,Catalunya,2011,0,142,0.0,inat_hist+bioquest
Threskiornis aethiopicus,Catalunya,2012,0,408,0.0,inat_hist+bioquest
Threskiornis aethiopicus,Catalunya,2013,0,1220,0.0,inat_hist+bioquest
Threskiornis aethiopicus,Catalunya,2014,0,1634,0.0,inat_hist+bioquest
Threskiornis aethiopicus,Catalunya,2015,0,1670,0.0,inat_hist+bioquest
Threskiornis aethiopicus,Catalunya,2016,0,2477,0.0,inat_hist+bioquest
Threskiornis aethiopicus,Catalunya,2017,1,3520,0.2841,inat_hist+bioquest
Threskiornis aethiopicus,Catalunya,2018,0,5303,0.0,inat_hist+bioquest
Threskiornis aethiopicus,Catalunya,2019,1,6470,0.1546,inat_hist+bioquest
Threskiornis aethiopicus,Catalunya,2020,3,8051,0.3726,inat_hist+bioquest
Threskiornis aethiopicus,Catalunya,2021,0,10939,0.0,inat_hist+bioquest
Threskiornis aethiopicus,Catalunya,2022,0,25543,0.0,inat_hist+bioquest
Threskiornis aethiopicus,Catalunya,2023,4,62083,0.0644,inat_hist+bioquest
Threskiornis aethiopicus,Catalunya,2024,3,102301,0.0293,inat_hist+bioquest
Threskiornis aethiopicus,Catalunya,2025,1,105404,0.0095,inat_hist+bioquest
Threskiornis aethiopicus,Catalunya,2026,1,37731,0.0265,inat_hist+bioquest
Threskiornis aethiopicus,España,2004,1,191,5.2356,inat_hist+bioquest
Threskiornis aethiopicus,España,2005,2,182,10.989,inat_hist+bioquest
Threskiornis aethiopicus,España,2006,0,217,0.0,inat_hist+bioquest
Threskiornis aethiopicus,España,2007,1,306,3.268,inat_hist+bioquest
Threskiornis aethiopicus,España,2008,1,1264,0.7911,inat_hist+bioquest
Threskiornis aethiopicus,España,2009,0,758,0.0,inat_hist+bioquest
Threskiornis aethiopicus,España,2010,0,799,0.0,inat_hist+bioquest
Threskiornis aethiopicus,España,2011,3,1331,2.2539,inat_hist+bioquest
Threskiornis aethiopicus,España,2012,1,1461,0.6845,inat_hist+bioquest
Threskiornis aethiopicus,España,2013,0,2333,0.0,inat_hist+bioquest
Threskiornis aethiopicus,España,2014,0,3222,0.0,inat_hist+bioquest
Threskiornis aethiopicus,España,2015,0,3642,0.0,inat_hist+bioquest
Threskiornis aethiopicus,España,2016,0,5444,0.0,inat_hist+bioquest
Threskiornis aethiopicus,España,2017,3,6876,0.4363,inat_hist+bioquest
Threskiornis aethiopicus,España,2018,2,10935,0.1829,inat_hist+bioquest
Threskiornis aethiopicus,España,2019,2,14618,0.1368,inat_hist+bioquest
Threskiornis aethiopicus,España,2020,3,19947,0.1504,inat_hist+bioquest
Threskiornis aethiopicus,España,2021,0,28029,0.0,inat_hist+bioquest
Threskiornis aethiopicus,España,2022,4,46486,0.086,inat_hist+bioquest
Threskiornis aethiopicus,España,2023,7,87827,0.0797,inat_hist+bioquest
Threskiornis aethiopicus,España,2024,7,128437,0.0545,inat_hist+bioquest
Threskiornis aethiopicus,España,2025,7,131516,0.0532,inat_hist+bioquest
Threskiornis aethiopicus,España,2026,7,48059,0.1457,inat_hist+bioquest
Myocastor coypus,Catalunya,2012,1,408,2.451,inat_hist+bioquest
Myocastor coypus,Catalunya,2013,1,1220,0.8197,inat_hist+bioquest
Myocastor coypus,Catalunya,2014,0,1634,0.0,inat_hist+bioquest
Myocastor coypus,Catalunya,2015,0,1670,0.0,inat_hist+bioquest
Myocastor coypus,Catalunya,2016,1,2477,0.4037,inat_hist+bioquest
Myocastor coypus,Catalunya,2017,3,3520,0.8523,inat_hist+bioquest
Myocastor coypus,Catalunya,2018,4,5303,0.7543,inat_hist+bioquest
Myocastor coypus,Catalunya,2019,10,6470,1.5456,inat_hist+bioquest
Myocastor coypus,Catalunya,2020,15,8051,1.8631,inat_hist+bioquest
Myocastor coypus,Catalunya,2021,33,10939,3.0167,inat_hist+bioquest
Myocastor coypus,Catalunya,2022,47,25543,1.84,inat_hist+bioquest
Myocastor coypus,Catalunya,2023,99,62083,1.5946,inat_hist+bioquest
Myocastor coypus,Catalunya,2024,80,102301,0.782,inat_hist+bioquest
Myocastor coypus,Catalunya,2025,94,105404,0.8918,inat_hist+bioquest
Myocastor coypus,Catalunya,2026,110,37731,2.9154,inat_hist+bioquest
Myocastor coypus,España,2012,1,1461,0.6845,inat_hist+bioquest
Myocastor coypus,España,2013,2,2333,0.8573,inat_hist+bioquest
Myocastor coypus,España,2014,0,3222,0.0,inat_hist+bioquest
Myocastor coypus,España,2015,0,3642,0.0,inat_hist+bioquest
Myocastor coypus,España,2016,2,5444,0.3674,inat_hist+bioquest
Myocastor coypus,España,2017,3,6876,0.4363,inat_hist+bioquest
Myocastor coypus,España,2018,6,10935,0.5487,inat_hist+bioquest
Myocastor coypus,España,2019,11,14618,0.7525,inat_hist+bioquest
Myocastor coypus,España,2020,18,19947,0.9024,inat_hist+bioquest
Myocastor coypus,España,2021,34,28029,1.213,inat_hist+bioquest
Myocastor coypus,España,2022,51,46486,1.0971,inat_hist+bioquest
Myocastor coypus,España,2023,104,87827,1.1841,inat_hist+bioquest
Myocastor coypus,España,2024,89,128437,0.6929,inat_hist+bioquest
Myocastor coypus,España,2025,102,131516,0.7756,inat_hist+bioquest
Myocastor coypus,España,2026,121,48059,2.5177,inat_hist+bioquest
Neogale vison,Catalunya,2010,1,92,10.8696,inat_hist+bioquest
Neogale vison,Catalunya,2011,0,142,0.0,inat_hist+bioquest
Neogale vison,Catalunya,2012,0,408,0.0,inat_hist+bioquest
Neogale vison,Catalunya,2013,0,1220,0.0,inat_hist+bioquest
Neogale vison,Catalunya,2014,3,1634,1.836,inat_hist+bioquest
Neogale vison,Catalunya,2015,2,1670,1.1976,inat_hist+bioquest
Neogale vison,Catalunya,2016,2,2477,0.8074,inat_hist+bioquest
Neogale vison,Catalunya,2017,3,3520,0.8523,inat_hist+bioquest
Neogale vison,Catalunya,2018,4,5303,0.7543,inat_hist+bioquest
Neogale vison,Catalunya,2019,7,6470,1.0819,inat_hist+bioquest
Neogale vison,Catalunya,2020,7,8051,0.8695,inat_hist+bioquest
Neogale vison,Catalunya,2021,14,10939,1.2798,inat_hist+bioquest
Neogale vison,Catalunya,2022,9,25543,0.3523,inat_hist+bioquest
Neogale vison,Catalunya,2023,20,62083,0.3221,inat_hist+bioquest
Neogale vison,Catalunya,2024,13,102301,0.1271,inat_hist+bioquest
Neogale vison,Catalunya,2025,21,105404,0.1992,inat_hist+bioquest
Neogale vison,Catalunya,2026,6,37731,0.159,inat_hist+bioquest
Neogale vison,España,2007,1,306,3.268,inat_hist+bioquest
Neogale vison,España,2008,1,1264,0.7911,inat_hist+bioquest
Neogale vison,España,2009,1,758,1.3193,inat_hist+bioquest
Neogale vison,España,2010,2,799,2.5031,inat_hist+bioquest
Neogale vison,España,2011,1,1331,0.7513,inat_hist+bioquest
Neogale vison,España,2012,1,1461,0.6845,inat_hist+bioquest
Neogale vison,España,2013,1,2333,0.4286,inat_hist+bioquest
Neogale vison,España,2014,2,3222,0.6207,inat_hist+bioquest
Neogale vison,España,2015,5,3642,1.3729,inat_hist+bioquest
Neogale vison,España,2016,5,5444,0.9184,inat_hist+bioquest
Neogale vison,España,2017,7,6876,1.018,inat_hist+bioquest
Neogale vison,España,2018,10,10935,0.9145,inat_hist+bioquest
Neogale vison,España,2019,18,14618,1.2314,inat_hist+bioquest
Neogale vison,España,2020,31,19947,1.5541,inat_hist+bioquest
Neogale vison,España,2021,29,28029,1.0346,inat_hist+bioquest
Neogale vison,España,2022,35,46486,0.7529,inat_hist+bioquest
Neogale vison,España,2023,45,87827,0.5124,inat_hist+bioquest
Neogale vison,España,2024,44,128437,0.3426,inat_hist+bioquest
Neogale vison,España,2025,78,131516,0.5931,inat_hist+bioquest
Neogale vison,España,2026,52,48059,1.082,inat_hist+bioquest
Ondatra zibethicus,España,2020,1,19947,0.0501,inat_hist+bioquest
Procyon lotor,España,2013,2,2333,0.8573,inat_hist+bioquest
Procyon lotor,España,2014,0,3222,0.0,inat_hist+bioquest
Procyon lotor,España,2015,0,3642,0.0,inat_hist+bioquest
Procyon lotor,España,2016,0,5444,0.0,inat_hist+bioquest
Procyon lotor,España,2017,0,6876,0.0,inat_hist+bioquest
Procyon lotor,España,2018,1,10935,0.0914,inat_hist+bioquest
Procyon lotor,España,2019,0,14618,0.0,inat_hist+bioquest
Procyon lotor,España,2020,2,19947,0.1003,inat_hist+bioquest
Procyon lotor,España,2021,3,28029,0.107,inat_hist+bioquest
Procyon lotor,España,2022,3,46486,0.0645,inat_hist+bioquest
Procyon lotor,España,2023,3,87827,0.0342,inat_hist+bioquest
Procyon lotor,España,2024,2,128437,0.0156,inat_hist+bioquest
Procyon lotor,España,2025,11,131516,0.0836,inat_hist+bioquest
Procyon lotor,España,2026,5,48059,0.104,inat_hist+bioquest
Ameiurus melas,Catalunya,2018,1,5303,0.1886,inat_hist+bioquest
Ameiurus melas,Catalunya,2019,0,6470,0.0,inat_hist+bioquest
Ameiurus melas,Catalunya,2020,0,8051,0.0,inat_hist+bioquest
Ameiurus melas,Catalunya,2021,2,10939,0.1828,inat_hist+bioquest
Ameiurus melas,Catalunya,2022,3,25543,0.1174,inat_hist+bioquest
Ameiurus melas,Catalunya,2023,0,62083,0.0,inat_hist+bioquest
Ameiurus melas,Catalunya,2024,0,102301,0.0,inat_hist+bioquest
Ameiurus melas,Catalunya,2025,1,105404,0.0095,inat_hist+bioquest
Ameiurus melas,España,2012,1,1461,0.6845,inat_hist+bioquest
Ameiurus melas,España,2013,1,2333,0.4286,inat_hist+bioquest
Ameiurus melas,España,2014,1,3222,0.3104,inat_hist+bioquest
Ameiurus melas,España,2015,0,3642,0.0,inat_hist+bioquest
Ameiurus melas,España,2016,1,5444,0.1837,inat_hist+bioquest
Ameiurus melas,España,2017,0,6876,0.0,inat_hist+bioquest
Ameiurus melas,España,2018,4,10935,0.3658,inat_hist+bioquest
Ameiurus melas,España,2019,3,14618,0.2052,inat_hist+bioquest
Ameiurus melas,España,2020,1,19947,0.0501,inat_hist+bioquest
Ameiurus melas,España,2021,9,28029,0.3211,inat_hist+bioquest
Ameiurus melas,España,2022,18,46486,0.3872,inat_hist+bioquest
Ameiurus melas,España,2023,4,87827,0.0455,inat_hist+bioquest
Ameiurus melas,España,2024,17,128437,0.1324,inat_hist+bioquest
Ameiurus melas,España,2025,29,131516,0.2205,inat_hist+bioquest
Ameiurus melas,España,2026,30,48059,0.6242,inat_hist+bioquest
Fundulus heteroclitus,España,2023,1,87827,0.0114,inat_hist+bioquest
Fundulus heteroclitus,España,2024,0,128437,0.0,inat_hist+bioquest
Fundulus heteroclitus,España,2025,18,131516,0.1369,inat_hist+bioquest
Fundulus heteroclitus,España,2026,1,48059,0.0208,inat_hist+bioquest
Gambusia holbrooki,Catalunya,2007,1,55,18.1818,inat_hist+bioquest
Gambusia holbrooki,Catalunya,2008,0,858,0.0,inat_hist+bioquest
Gambusia holbrooki,Catalunya,2009,0,298,0.0,inat_hist+bioquest
Gambusia holbrooki,Catalunya,2010,0,92,0.0,inat_hist+bioquest
Gambusia holbrooki,Catalunya,2011,0,142,0.0,inat_hist+bioquest
Gambusia holbrooki,Catalunya,2012,0,408,0.0,inat_hist+bioquest
Gambusia holbrooki,Catalunya,2013,0,1220,0.0,inat_hist+bioquest
Gambusia holbrooki,Catalunya,2014,0,1634,0.0,inat_hist+bioquest
Gambusia holbrooki,Catalunya,2015,1,1670,0.5988,inat_hist+bioquest
Gambusia holbrooki,Catalunya,2016,1,2477,0.4037,inat_hist+bioquest
Gambusia holbrooki,Catalunya,2017,1,3520,0.2841,inat_hist+bioquest
Gambusia holbrooki,Catalunya,2018,2,5303,0.3771,inat_hist+bioquest
Gambusia holbrooki,Catalunya,2019,0,6470,0.0,inat_hist+bioquest
Gambusia holbrooki,Catalunya,2020,1,8051,0.1242,inat_hist+bioquest
Gambusia holbrooki,Catalunya,2021,9,10939,0.8227,inat_hist+bioquest
Gambusia holbrooki,Catalunya,2022,16,25543,0.6264,inat_hist+bioquest
Gambusia holbrooki,Catalunya,2023,13,62083,0.2094,inat_hist+bioquest
Gambusia holbrooki,Catalunya,2024,43,102301,0.4203,inat_hist+bioquest
Gambusia holbrooki,Catalunya,2025,15,105404,0.1423,inat_hist+bioquest
Gambusia holbrooki,Catalunya,2026,25,37731,0.6626,inat_hist+bioquest
Gambusia holbrooki,España,2007,1,306,3.268,inat_hist+bioquest
Gambusia holbrooki,España,2008,0,1264,0.0,inat_hist+bioquest
Gambusia holbrooki,España,2009,0,758,0.0,inat_hist+bioquest
Gambusia holbrooki,España,2010,0,799,0.0,inat_hist+bioquest
Gambusia holbrooki,España,2011,2,1331,1.5026,inat_hist+bioquest
Gambusia holbrooki,España,2012,1,1461,0.6845,inat_hist+bioquest
Gambusia holbrooki,España,2013,3,2333,1.2859,inat_hist+bioquest
Gambusia holbrooki,España,2014,5,3222,1.5518,inat_hist+bioquest
Gambusia holbrooki,España,2015,8,3642,2.1966,inat_hist+bioquest
Gambusia holbrooki,España,2016,3,5444,0.5511,inat_hist+bioquest
Gambusia holbrooki,España,2017,10,6876,1.4543,inat_hist+bioquest
Gambusia holbrooki,España,2018,14,10935,1.2803,inat_hist+bioquest
Gambusia holbrooki,España,2019,10,14618,0.6841,inat_hist+bioquest
Gambusia holbrooki,España,2020,18,19947,0.9024,inat_hist+bioquest
Gambusia holbrooki,España,2021,44,28029,1.5698,inat_hist+bioquest
Gambusia holbrooki,España,2022,54,46486,1.1616,inat_hist+bioquest
Gambusia holbrooki,España,2023,60,87827,0.6832,inat_hist+bioquest
Gambusia holbrooki,España,2024,128,128437,0.9966,inat_hist+bioquest
Gambusia holbrooki,España,2025,147,131516,1.1177,inat_hist+bioquest
Gambusia holbrooki,España,2026,136,48059,2.8299,inat_hist+bioquest
Lepomis gibbosus,Catalunya,2003,1,5,200.0,inat_hist+bioquest
Lepomis gibbosus,Catalunya,2004,0,19,0.0,inat_hist+bioquest
Lepomis gibbosus,Catalunya,2005,0,27,0.0,inat_hist+bioquest
Lepomis gibbosus,Catalunya,2006,0,18,0.0,inat_hist+bioquest
Lepomis gibbosus,Catalunya,2007,0,55,0.0,inat_hist+bioquest
Lepomis gibbosus,Catalunya,2008,0,858,0.0,inat_hist+bioquest
Lepomis gibbosus,Catalunya,2009,0,298,0.0,inat_hist+bioquest
Lepomis gibbosus,Catalunya,2010,1,92,10.8696,inat_hist+bioquest
Lepomis gibbosus,Catalunya,2011,0,142,0.0,inat_hist+bioquest
Lepomis gibbosus,Catalunya,2012,1,408,2.451,inat_hist+bioquest
Lepomis gibbosus,Catalunya,2013,0,1220,0.0,inat_hist+bioquest
Lepomis gibbosus,Catalunya,2014,0,1634,0.0,inat_hist+bioquest
Lepomis gibbosus,Catalunya,2015,1,1670,0.5988,inat_hist+bioquest
Lepomis gibbosus,Catalunya,2016,0,2477,0.0,inat_hist+bioquest
Lepomis gibbosus,Catalunya,2017,0,3520,0.0,inat_hist+bioquest
Lepomis gibbosus,Catalunya,2018,1,5303,0.1886,inat_hist+bioquest
Lepomis gibbosus,Catalunya,2019,0,6470,0.0,inat_hist+bioquest
Lepomis gibbosus,Catalunya,2020,2,8051,0.2484,inat_hist+bioquest
Lepomis gibbosus,Catalunya,2021,7,10939,0.6399,inat_hist+bioquest
Lepomis gibbosus,Catalunya,2022,0,25543,0.0,inat_hist+bioquest
Lepomis gibbosus,Catalunya,2023,6,62083,0.0966,inat_hist+bioquest
Lepomis gibbosus,Catalunya,2024,5,102301,0.0489,inat_hist+bioquest
Lepomis gibbosus,Catalunya,2025,8,105404,0.0759,inat_hist+bioquest
Lepomis gibbosus,Catalunya,2026,3,37731,0.0795,inat_hist+bioquest
Lepomis gibbosus,España,2003,1,74,13.5135,inat_hist+bioquest
Lepomis gibbosus,España,2004,0,191,0.0,inat_hist+bioquest
Lepomis gibbosus,España,2005,0,182,0.0,inat_hist+bioquest
Lepomis gibbosus,España,2006,1,217,4.6083,inat_hist+bioquest
Lepomis gibbosus,España,2007,0,306,0.0,inat_hist+bioquest
Lepomis gibbosus,España,2008,0,1264,0.0,inat_hist+bioquest
Lepomis gibbosus,España,2009,1,758,1.3193,inat_hist+bioquest
Lepomis gibbosus,España,2010,1,799,1.2516,inat_hist+bioquest
Lepomis gibbosus,España,2011,0,1331,0.0,inat_hist+bioquest
Lepomis gibbosus,España,2012,1,1461,0.6845,inat_hist+bioquest
Lepomis gibbosus,España,2013,0,2333,0.0,inat_hist+bioquest
Lepomis gibbosus,España,2014,7,3222,2.1726,inat_hist+bioquest
Lepomis gibbosus,España,2015,2,3642,0.5491,inat_hist+bioquest
Lepomis gibbosus,España,2016,2,5444,0.3674,inat_hist+bioquest
Lepomis gibbosus,España,2017,7,6876,1.018,inat_hist+bioquest
Lepomis gibbosus,España,2018,5,10935,0.4572,inat_hist+bioquest
Lepomis gibbosus,España,2019,7,14618,0.4789,inat_hist+bioquest
Lepomis gibbosus,España,2020,4,19947,0.2005,inat_hist+bioquest
Lepomis gibbosus,España,2021,38,28029,1.3557,inat_hist+bioquest
Lepomis gibbosus,España,2022,382,46486,8.2175,inat_hist+bioquest
Lepomis gibbosus,España,2023,31,87827,0.353,inat_hist+bioquest
Lepomis gibbosus,España,2024,33,128437,0.2569,inat_hist+bioquest
Lepomis gibbosus,España,2025,55,131516,0.4182,inat_hist+bioquest
Lepomis gibbosus,España,2026,90,48059,1.8727,inat_hist+bioquest
Misgurnus anguillicaudatus,Catalunya,2020,1,8051,0.1242,inat_hist+bioquest
Misgurnus anguillicaudatus,Catalunya,2021,1,10939,0.0914,inat_hist+bioquest
Misgurnus anguillicaudatus,España,2020,1,19947,0.0501,inat_hist+bioquest
Misgurnus anguillicaudatus,España,2021,1,28029,0.0357,inat_hist+bioquest
Pseudorasbora parva,Catalunya,2015,1,1670,0.5988,inat_hist+bioquest
Pseudorasbora parva,Catalunya,2016,0,2477,0.0,inat_hist+bioquest
Pseudorasbora parva,Catalunya,2017,0,3520,0.0,inat_hist+bioquest
Pseudorasbora parva,Catalunya,2018,1,5303,0.1886,inat_hist+bioquest
Pseudorasbora parva,Catalunya,2019,0,6470,0.0,inat_hist+bioquest
Pseudorasbora parva,Catalunya,2020,1,8051,0.1242,inat_hist+bioquest
Pseudorasbora parva,Catalunya,2021,0,10939,0.0,inat_hist+bioquest
Pseudorasbora parva,Catalunya,2022,0,25543,0.0,inat_hist+bioquest
Pseudorasbora parva,Catalunya,2023,0,62083,0.0,inat_hist+bioquest
Pseudorasbora parva,Catalunya,2024,1,102301,0.0098,inat_hist+bioquest
Pseudorasbora parva,Catalunya,2025,2,105404,0.019,inat_hist+bioquest
Pseudorasbora parva,Catalunya,2026,2,37731,0.053,inat_hist+bioquest
Pseudorasbora parva,España,2015,1,3642,0.2746,inat_hist+bioquest
Pseudorasbora parva,España,2016,0,5444,0.0,inat_hist+bioquest
Pseudorasbora parva,España,2017,0,6876,0.0,inat_hist+bioquest
Pseudorasbora parva,España,2018,1,10935,0.0914,inat_hist+bioquest
Pseudorasbora parva,España,2019,0,14618,0.0,inat_hist+bioquest
Pseudorasbora parva,España,2020,1,19947,0.0501,inat_hist+bioquest
Pseudorasbora parva,España,2021,0,28029,0.0,inat_hist+bioquest
Pseudorasbora parva,España,2022,1,46486,0.0215,inat_hist+bioquest
Pseudorasbora parva,España,2023,3,87827,0.0342,inat_hist+bioquest
Pseudorasbora parva,España,2024,2,128437,0.0156,inat_hist+bioquest
Pseudorasbora parva,España,2025,3,131516,0.0228,inat_hist+bioquest
Pseudorasbora parva,España,2026,2,48059,0.0416,inat_hist+bioquest
Orconectes limosus,Catalunya,2025,1,105404,0.0095,inat_hist+bioquest
Orconectes limosus,España,2025,1,131516,0.0076,inat_hist+bioquest
Pacifastacus leniusculus,Catalunya,2018,1,5303,0.1886,inat_hist+bioquest
Pacifastacus leniusculus,Catalunya,2019,1,6470,0.1546,inat_hist+bioquest
Pacifastacus leniusculus,Catalunya,2020,1,8051,0.1242,inat_hist+bioquest
Pacifastacus leniusculus,Catalunya,2021,1,10939,0.0914,inat_hist+bioquest
Pacifastacus leniusculus,Catalunya,2022,6,25543,0.2349,inat_hist+bioquest
Pacifastacus leniusculus,Catalunya,2023,4,62083,0.0644,inat_hist+bioquest
Pacifastacus leniusculus,Catalunya,2024,5,102301,0.0489,inat_hist+bioquest
Pacifastacus leniusculus,Catalunya,2025,6,105404,0.0569,inat_hist+bioquest
Pacifastacus leniusculus,Catalunya,2026,10,37731,0.265,inat_hist+bioquest
Pacifastacus leniusculus,España,2006,1,217,4.6083,inat_hist+bioquest
Pacifastacus leniusculus,España,2007,1,306,3.268,inat_hist+bioquest
Pacifastacus leniusculus,España,2008,1,1264,0.7911,inat_hist+bioquest
Pacifastacus leniusculus,España,2009,1,758,1.3193,inat_hist+bioquest
Pacifastacus leniusculus,España,2010,0,799,0.0,inat_hist+bioquest
Pacifastacus leniusculus,España,2011,3,1331,2.2539,inat_hist+bioquest
Pacifastacus leniusculus,España,2012,4,1461,2.7379,inat_hist+bioquest
Pacifastacus leniusculus,España,2013,0,2333,0.0,inat_hist+bioquest
Pacifastacus leniusculus,España,2014,0,3222,0.0,inat_hist+bioquest
Pacifastacus leniusculus,España,2015,0,3642,0.0,inat_hist+bioquest
Pacifastacus leniusculus,España,2016,2,5444,0.3674,inat_hist+bioquest
Pacifastacus leniusculus,España,2017,10,6876,1.4543,inat_hist+bioquest
Pacifastacus leniusculus,España,2018,11,10935,1.0059,inat_hist+bioquest
Pacifastacus leniusculus,España,2019,23,14618,1.5734,inat_hist+bioquest
Pacifastacus leniusculus,España,2020,17,19947,0.8523,inat_hist+bioquest
Pacifastacus leniusculus,España,2021,55,28029,1.9623,inat_hist+bioquest
Pacifastacus leniusculus,España,2022,69,46486,1.4843,inat_hist+bioquest
Pacifastacus leniusculus,España,2023,64,87827,0.7287,inat_hist+bioquest
Pacifastacus leniusculus,España,2024,97,128437,0.7552,inat_hist+bioquest
Pacifastacus leniusculus,España,2025,135,131516,1.0265,inat_hist+bioquest
Pacifastacus leniusculus,España,2026,142,48059,2.9547,inat_hist+bioquest
Procambarus clarkii,Catalunya,2001,1,3,333.3333,inat_hist+bioquest
Procambarus clarkii,Catalunya,2002,2,11,181.8182,inat_hist+bioquest
Procambarus clarkii,Catalunya,2003,0,5,0.0,inat_hist+bioquest
Procambarus clarkii,Catalunya,2004,2,19,105.2632,inat_hist+bioquest
Procambarus clarkii,Catalunya,2005,0,27,0.0,inat_hist+bioquest
Procambarus clarkii,Catalunya,2006,0,18,0.0,inat_hist+bioquest
Procambarus clarkii,Catalunya,2007,1,55,18.1818,inat_hist+bioquest
Procambarus clarkii,Catalunya,2008,1,858,1.1655,inat_hist+bioquest
Procambarus clarkii,Catalunya,2009,0,298,0.0,inat_hist+bioquest
Procambarus clarkii,Catalunya,2010,4,92,43.4783,inat_hist+bioquest
Procambarus clarkii,Catalunya,2011,2,142,14.0845,inat_hist+bioquest
Procambarus clarkii,Catalunya,2012,1,408,2.451,inat_hist+bioquest
Procambarus clarkii,Catalunya,2013,3,1220,2.459,inat_hist+bioquest
Procambarus clarkii,Catalunya,2014,1,1634,0.612,inat_hist+bioquest
Procambarus clarkii,Catalunya,2015,7,1670,4.1916,inat_hist+bioquest
Procambarus clarkii,Catalunya,2016,5,2477,2.0186,inat_hist+bioquest
Procambarus clarkii,Catalunya,2017,7,3520,1.9886,inat_hist+bioquest
Procambarus clarkii,Catalunya,2018,21,5303,3.96,inat_hist+bioquest
Procambarus clarkii,Catalunya,2019,18,6470,2.7821,inat_hist+bioquest
Procambarus clarkii,Catalunya,2020,29,8051,3.602,inat_hist+bioquest
Procambarus clarkii,Catalunya,2021,75,10939,6.8562,inat_hist+bioquest
Procambarus clarkii,Catalunya,2022,66,25543,2.5839,inat_hist+bioquest
Procambarus clarkii,Catalunya,2023,70,62083,1.1275,inat_hist+bioquest
Procambarus clarkii,Catalunya,2024,99,102301,0.9677,inat_hist+bioquest
Procambarus clarkii,Catalunya,2025,120,105404,1.1385,inat_hist+bioquest
Procambarus clarkii,Catalunya,2026,111,37731,2.9419,inat_hist+bioquest
Procambarus clarkii,España,1990,1,2,500.0,inat_hist+bioquest
Procambarus clarkii,España,1991,0,6,0.0,inat_hist+bioquest
Procambarus clarkii,España,1992,0,4,0.0,inat_hist+bioquest
Procambarus clarkii,España,1993,0,5,0.0,inat_hist+bioquest
Procambarus clarkii,España,1994,0,8,0.0,inat_hist+bioquest
Procambarus clarkii,España,1995,0,14,0.0,inat_hist+bioquest
Procambarus clarkii,España,1996,0,11,0.0,inat_hist+bioquest
Procambarus clarkii,España,1997,0,11,0.0,inat_hist+bioquest
Procambarus clarkii,España,1998,1,13,76.9231,inat_hist+bioquest
Procambarus clarkii,España,1999,0,35,0.0,inat_hist+bioquest
Procambarus clarkii,España,2000,0,21,0.0,inat_hist+bioquest
Procambarus clarkii,España,2001,1,24,41.6667,inat_hist+bioquest
Procambarus clarkii,España,2002,2,77,25.974,inat_hist+bioquest
Procambarus clarkii,España,2003,1,74,13.5135,inat_hist+bioquest
Procambarus clarkii,España,2004,2,191,10.4712,inat_hist+bioquest
Procambarus clarkii,España,2005,1,182,5.4945,inat_hist+bioquest
Procambarus clarkii,España,2006,0,217,0.0,inat_hist+bioquest
Procambarus clarkii,España,2007,6,306,19.6078,inat_hist+bioquest
Procambarus clarkii,España,2008,4,1264,3.1646,inat_hist+bioquest
Procambarus clarkii,España,2009,1,758,1.3193,inat_hist+bioquest
Procambarus clarkii,España,2010,6,799,7.5094,inat_hist+bioquest
Procambarus clarkii,España,2011,6,1331,4.5079,inat_hist+bioquest
Procambarus clarkii,España,2012,4,1461,2.7379,inat_hist+bioquest
Procambarus clarkii,España,2013,6,2333,2.5718,inat_hist+bioquest
Procambarus clarkii,España,2014,19,3222,5.897,inat_hist+bioquest
Procambarus clarkii,España,2015,20,3642,5.4915,inat_hist+bioquest
Procambarus clarkii,España,2016,60,5444,11.0213,inat_hist+bioquest
Procambarus clarkii,España,2017,40,6876,5.8173,inat_hist+bioquest
Procambarus clarkii,España,2018,75,10935,6.8587,inat_hist+bioquest
Procambarus clarkii,España,2019,74,14618,5.0623,inat_hist+bioquest
Procambarus clarkii,España,2020,99,19947,4.9632,inat_hist+bioquest
Procambarus clarkii,España,2021,209,28029,7.4566,inat_hist+bioquest
Procambarus clarkii,España,2022,223,46486,4.7971,inat_hist+bioquest
Procambarus clarkii,España,2023,308,87827,3.5069,inat_hist+bioquest
Procambarus clarkii,España,2024,405,128437,3.1533,inat_hist+bioquest
Procambarus clarkii,España,2025,564,131516,4.2885,inat_hist+bioquest
Procambarus clarkii,España,2026,431,48059,8.9681,inat_hist+bioquest
Trachemys scripta elegans,Catalunya,2006,1,18,55.5556,inat_hist+bioquest
Trachemys scripta elegans,Catalunya,2007,0,55,0.0,inat_hist+bioquest
Trachemys scripta elegans,Catalunya,2008,1,858,1.1655,inat_hist+bioquest
Trachemys scripta elegans,Catalunya,2009,0,298,0.0,inat_hist+bioquest
Trachemys scripta elegans,Catalunya,2010,0,92,0.0,inat_hist+bioquest
Trachemys scripta elegans,Catalunya,2011,2,142,14.0845,inat_hist+bioquest
Trachemys scripta elegans,Catalunya,2012,1,408,2.451,inat_hist+bioquest
Trachemys scripta elegans,Catalunya,2013,1,1220,0.8197,inat_hist+bioquest
Trachemys scripta elegans,Catalunya,2014,5,1634,3.06,inat_hist+bioquest
Trachemys scripta elegans,Catalunya,2015,1,1670,0.5988,inat_hist+bioquest
Trachemys scripta elegans,Catalunya,2016,6,2477,2.4223,inat_hist+bioquest
Trachemys scripta elegans,Catalunya,2017,6,3520,1.7045,inat_hist+bioquest
Trachemys scripta elegans,Catalunya,2018,13,5303,2.4514,inat_hist+bioquest
Trachemys scripta elegans,Catalunya,2019,15,6470,2.3184,inat_hist+bioquest
Trachemys scripta elegans,Catalunya,2020,14,8051,1.7389,inat_hist+bioquest
Trachemys scripta elegans,Catalunya,2021,27,10939,2.4682,inat_hist+bioquest
Trachemys scripta elegans,Catalunya,2022,19,25543,0.7438,inat_hist+bioquest
Trachemys scripta elegans,Catalunya,2023,16,62083,0.2577,inat_hist+bioquest
Trachemys scripta elegans,Catalunya,2024,46,102301,0.4497,inat_hist+bioquest
Trachemys scripta elegans,Catalunya,2025,42,105404,0.3985,inat_hist+bioquest
Trachemys scripta elegans,Catalunya,2026,47,37731,1.2457,inat_hist+bioquest
Trachemys scripta elegans,España,2004,1,191,5.2356,inat_hist+bioquest
Trachemys scripta elegans,España,2005,0,182,0.0,inat_hist+bioquest
Trachemys scripta elegans,España,2006,1,217,4.6083,inat_hist+bioquest
Trachemys scripta elegans,España,2007,0,306,0.0,inat_hist+bioquest
Trachemys scripta elegans,España,2008,2,1264,1.5823,inat_hist+bioquest
Trachemys scripta elegans,España,2009,2,758,2.6385,inat_hist+bioquest
Trachemys scripta elegans,España,2010,0,799,0.0,inat_hist+bioquest
Trachemys scripta elegans,España,2011,3,1331,2.2539,inat_hist+bioquest
Trachemys scripta elegans,España,2012,5,1461,3.4223,inat_hist+bioquest
Trachemys scripta elegans,España,2013,7,2333,3.0004,inat_hist+bioquest
Trachemys scripta elegans,España,2014,10,3222,3.1037,inat_hist+bioquest
Trachemys scripta elegans,España,2015,3,3642,0.8237,inat_hist+bioquest
Trachemys scripta elegans,España,2016,15,5444,2.7553,inat_hist+bioquest
Trachemys scripta elegans,España,2017,13,6876,1.8906,inat_hist+bioquest
Trachemys scripta elegans,España,2018,26,10935,2.3777,inat_hist+bioquest
Trachemys scripta elegans,España,2019,36,14618,2.4627,inat_hist+bioquest
Trachemys scripta elegans,España,2020,33,19947,1.6544,inat_hist+bioquest
Trachemys scripta elegans,España,2021,80,28029,2.8542,inat_hist+bioquest
Trachemys scripta elegans,España,2022,58,46486,1.2477,inat_hist+bioquest
Trachemys scripta elegans,España,2023,49,87827,0.5579,inat_hist+bioquest
Trachemys scripta elegans,España,2024,114,128437,0.8876,inat_hist+bioquest
Trachemys scripta elegans,España,2025,102,131516,0.7756,inat_hist+bioquest
Trachemys scripta elegans,España,2026,119,48059,2.4761,inat_hist+bioquest
Vespa velutina nigrithorax,Catalunya,2017,1,3520,0.2841,inat_hist+bioquest
Vespa velutina nigrithorax,Catalunya,2018,1,5303,0.1886,inat_hist+bioquest
Vespa velutina nigrithorax,Catalunya,2019,1,6470,0.1546,inat_hist+bioquest
Vespa velutina nigrithorax,Catalunya,2020,4,8051,0.4968,inat_hist+bioquest
Vespa velutina nigrithorax,Catalunya,2021,3,10939,0.2742,inat_hist+bioquest
Vespa velutina nigrithorax,Catalunya,2022,14,25543,0.5481,inat_hist+bioquest
Vespa velutina nigrithorax,Catalunya,2023,24,62083,0.3866,inat_hist+bioquest
Vespa velutina nigrithorax,Catalunya,2024,48,102301,0.4692,inat_hist+bioquest
Vespa velutina nigrithorax,Catalunya,2025,46,105404,0.4364,inat_hist+bioquest
Vespa velutina nigrithorax,Catalunya,2026,14,37731,0.371,inat_hist+bioquest
Vespa velutina nigrithorax,España,2015,1,3642,0.2746,inat_hist+bioquest
Vespa velutina nigrithorax,España,2016,6,5444,1.1021,inat_hist+bioquest
Vespa velutina nigrithorax,España,2017,5,6876,0.7272,inat_hist+bioquest
Vespa velutina nigrithorax,España,2018,3,10935,0.2743,inat_hist+bioquest
Vespa velutina nigrithorax,España,2019,2,14618,0.1368,inat_hist+bioquest
Vespa velutina nigrithorax,España,2020,7,19947,0.3509,inat_hist+bioquest
Vespa velutina nigrithorax,España,2021,8,28029,0.2854,inat_hist+bioquest
Vespa velutina nigrithorax,España,2022,17,46486,0.3657,inat_hist+bioquest
Vespa velutina nigrithorax,España,2023,68,87827,0.7742,inat_hist+bioquest
Vespa velutina nigrithorax,España,2024,72,128437,0.5606,inat_hist+bioquest
Vespa velutina nigrithorax,España,2025,108,131516,0.8212,inat_hist+bioquest
Vespa velutina nigrithorax,España,2026,71,48059,1.4774,inat_hist+bioquest
Wasmannia auropunctata,España,2024,3,128437,0.0234,inat_hist+bioquest
Wasmannia auropunctata,España,2025,1,131516,0.0076,inat_hist+bioquest
Wasmannia auropunctata,España,2026,7,48059,0.1457,inat_hist+bioquest
Mulinia lateralis,España,2026,1,48059,0.0208,inat_hist+bioquest
Bipalium kewense,Catalunya,2018,2,5303,0.3771,inat_hist+bioquest
Bipalium kewense,Catalunya,2019,0,6470,0.0,inat_hist+bioquest
Bipalium kewense,Catalunya,2020,0,8051,0.0,inat_hist+bioquest
Bipalium kewense,Catalunya,2021,1,10939,0.0914,inat_hist+bioquest
Bipalium kewense,España,2013,1,2333,0.4286,inat_hist+bioquest
Bipalium kewense,España,2014,0,3222,0.0,inat_hist+bioquest
Bipalium kewense,España,2015,1,3642,0.2746,inat_hist+bioquest
Bipalium kewense,España,2016,1,5444,0.1837,inat_hist+bioquest
Bipalium kewense,España,2017,0,6876,0.0,inat_hist+bioquest
Bipalium kewense,España,2018,2,10935,0.1829,inat_hist+bioquest
Bipalium kewense,España,2019,2,14618,0.1368,inat_hist+bioquest
Bipalium kewense,España,2020,1,19947,0.0501,inat_hist+bioquest
Bipalium kewense,España,2021,1,28029,0.0357,inat_hist+bioquest
Bipalium kewense,España,2022,4,46486,0.086,inat_hist+bioquest
Bipalium kewense,España,2023,3,87827,0.0342,inat_hist+bioquest
Bipalium kewense,España,2024,8,128437,0.0623,inat_hist+bioquest
Bipalium kewense,España,2025,3,131516,0.0228,inat_hist+bioquest
Bipalium kewense,España,2026,6,48059,0.1248,inat_hist+bioquest
Obama nungara,Catalunya,2016,2,2477,0.8074,inat_hist+bioquest
Obama nungara,Catalunya,2017,1,3520,0.2841,inat_hist+bioquest
Obama nungara,Catalunya,2018,0,5303,0.0,inat_hist+bioquest
Obama nungara,Catalunya,2019,1,6470,0.1546,inat_hist+bioquest
Obama nungara,Catalunya,2020,0,8051,0.0,inat_hist+bioquest
Obama nungara,Catalunya,2021,0,10939,0.0,inat_hist+bioquest
Obama nungara,Catalunya,2022,1,25543,0.0391,inat_hist+bioquest
Obama nungara,Catalunya,2023,0,62083,0.0,inat_hist+bioquest
Obama nungara,Catalunya,2024,2,102301,0.0196,inat_hist+bioquest
Obama nungara,Catalunya,2025,7,105404,0.0664,inat_hist+bioquest
Obama nungara,Catalunya,2026,6,37731,0.159,inat_hist+bioquest
Obama nungara,España,2016,3,5444,0.5511,inat_hist+bioquest
Obama nungara,España,2017,6,6876,0.8726,inat_hist+bioquest
Obama nungara,España,2018,0,10935,0.0,inat_hist+bioquest
Obama nungara,España,2019,2,14618,0.1368,inat_hist+bioquest
Obama nungara,España,2020,2,19947,0.1003,inat_hist+bioquest
Obama nungara,España,2021,4,28029,0.1427,inat_hist+bioquest
Obama nungara,España,2022,3,46486,0.0645,inat_hist+bioquest
Obama nungara,España,2023,3,87827,0.0342,inat_hist+bioquest
Obama nungara,España,2024,11,128437,0.0856,inat_hist+bioquest
Obama nungara,España,2025,20,131516,0.1521,inat_hist+bioquest
Obama nungara,España,2026,16,48059,0.3329,inat_hist+bioquest
Acacia mearnsii,España,2018,1,10935,0.0914,inat_hist+bioquest
Acacia mearnsii,España,2019,1,14618,0.0684,inat_hist+bioquest
Acacia mearnsii,España,2020,0,19947,0.0,inat_hist+bioquest
Acacia mearnsii,España,2021,2,28029,0.0714,inat_hist+bioquest
Acacia mearnsii,España,2022,5,46486,0.1076,inat_hist+bioquest
Acacia mearnsii,España,2023,3,87827,0.0342,inat_hist+bioquest
Acacia mearnsii,España,2024,5,128437,0.0389,inat_hist+bioquest
Acacia mearnsii,España,2025,4,131516,0.0304,inat_hist+bioquest
Acacia mearnsii,España,2026,4,48059,0.0832,inat_hist+bioquest
Acacia saligna,Catalunya,2019,2,6470,0.3091,inat_hist+bioquest
Acacia saligna,Catalunya,2020,0,8051,0.0,inat_hist+bioquest
Acacia saligna,Catalunya,2021,3,10939,0.2742,inat_hist+bioquest
Acacia saligna,Catalunya,2022,4,25543,0.1566,inat_hist+bioquest
Acacia saligna,Catalunya,2023,7,62083,0.1128,inat_hist+bioquest
Acacia saligna,Catalunya,2024,14,102301,0.1369,inat_hist+bioquest
Acacia saligna,Catalunya,2025,17,105404,0.1613,inat_hist+bioquest
Acacia saligna,Catalunya,2026,18,37731,0.4771,inat_hist+bioquest
Acacia saligna,España,2006,2,217,9.2166,inat_hist+bioquest
Acacia saligna,España,2007,0,306,0.0,inat_hist+bioquest
Acacia saligna,España,2008,1,1264,0.7911,inat_hist+bioquest
Acacia saligna,España,2009,2,758,2.6385,inat_hist+bioquest
Acacia saligna,España,2010,1,799,1.2516,inat_hist+bioquest
Acacia saligna,España,2011,2,1331,1.5026,inat_hist+bioquest
Acacia saligna,España,2012,1,1461,0.6845,inat_hist+bioquest
Acacia saligna,España,2013,2,2333,0.8573,inat_hist+bioquest
Acacia saligna,España,2014,8,3222,2.4829,inat_hist+bioquest
Acacia saligna,España,2015,2,3642,0.5491,inat_hist+bioquest
Acacia saligna,España,2016,12,5444,2.2043,inat_hist+bioquest
Acacia saligna,España,2017,9,6876,1.3089,inat_hist+bioquest
Acacia saligna,España,2018,3,10935,0.2743,inat_hist+bioquest
Acacia saligna,España,2019,13,14618,0.8893,inat_hist+bioquest
Acacia saligna,España,2020,29,19947,1.4539,inat_hist+bioquest
Acacia saligna,España,2021,51,28029,1.8195,inat_hist+bioquest
Acacia saligna,España,2022,106,46486,2.2803,inat_hist+bioquest
Acacia saligna,España,2023,183,87827,2.0836,inat_hist+bioquest
Acacia saligna,España,2024,227,128437,1.7674,inat_hist+bioquest
Acacia saligna,España,2025,279,131516,2.1214,inat_hist+bioquest
Acacia saligna,España,2026,229,48059,4.765,inat_hist+bioquest
Ailanthus altissima,Catalunya,2008,1,858,1.1655,inat_hist+bioquest
Ailanthus altissima,Catalunya,2009,0,298,0.0,inat_hist+bioquest
Ailanthus altissima,Catalunya,2010,1,92,10.8696,inat_hist+bioquest
Ailanthus altissima,Catalunya,2011,0,142,0.0,inat_hist+bioquest
Ailanthus altissima,Catalunya,2012,1,408,2.451,inat_hist+bioquest
Ailanthus altissima,Catalunya,2013,0,1220,0.0,inat_hist+bioquest
Ailanthus altissima,Catalunya,2014,0,1634,0.0,inat_hist+bioquest
Ailanthus altissima,Catalunya,2015,3,1670,1.7964,inat_hist+bioquest
Ailanthus altissima,Catalunya,2016,7,2477,2.826,inat_hist+bioquest
Ailanthus altissima,Catalunya,2017,13,3520,3.6932,inat_hist+bioquest
Ailanthus altissima,Catalunya,2018,11,5303,2.0743,inat_hist+bioquest
Ailanthus altissima,Catalunya,2019,18,6470,2.7821,inat_hist+bioquest
Ailanthus altissima,Catalunya,2020,18,8051,2.2357,inat_hist+bioquest
Ailanthus altissima,Catalunya,2021,134,10939,12.2497,inat_hist+bioquest
Ailanthus altissima,Catalunya,2022,175,25543,6.8512,inat_hist+bioquest
Ailanthus altissima,Catalunya,2023,248,62083,3.9947,inat_hist+bioquest
Ailanthus altissima,Catalunya,2024,464,102301,4.5356,inat_hist+bioquest
Ailanthus altissima,Catalunya,2025,274,105404,2.5995,inat_hist+bioquest
Ailanthus altissima,Catalunya,2026,172,37731,4.5586,inat_hist+bioquest
Ailanthus altissima,España,2002,3,77,38.961,inat_hist+bioquest
Ailanthus altissima,España,2003,2,74,27.027,inat_hist+bioquest
Ailanthus altissima,España,2004,0,191,0.0,inat_hist+bioquest
Ailanthus altissima,España,2005,2,182,10.989,inat_hist+bioquest
Ailanthus altissima,España,2006,0,217,0.0,inat_hist+bioquest
Ailanthus altissima,España,2007,0,306,0.0,inat_hist+bioquest
Ailanthus altissima,España,2008,3,1264,2.3734,inat_hist+bioquest
Ailanthus altissima,España,2009,0,758,0.0,inat_hist+bioquest
Ailanthus altissima,España,2010,2,799,2.5031,inat_hist+bioquest
Ailanthus altissima,España,2011,8,1331,6.0105,inat_hist+bioquest
Ailanthus altissima,España,2012,1,1461,0.6845,inat_hist+bioquest
Ailanthus altissima,España,2013,10,2333,4.2863,inat_hist+bioquest
Ailanthus altissima,España,2014,9,3222,2.7933,inat_hist+bioquest
Ailanthus altissima,España,2015,15,3642,4.1186,inat_hist+bioquest
Ailanthus altissima,España,2016,31,5444,5.6943,inat_hist+bioquest
Ailanthus altissima,España,2017,51,6876,7.4171,inat_hist+bioquest
Ailanthus altissima,España,2018,106,10935,9.6936,inat_hist+bioquest
Ailanthus altissima,España,2019,131,14618,8.9616,inat_hist+bioquest
Ailanthus altissima,España,2020,231,19947,11.5807,inat_hist+bioquest
Ailanthus altissima,España,2021,439,28029,15.6623,inat_hist+bioquest
Ailanthus altissima,España,2022,540,46486,11.6164,inat_hist+bioquest
Ailanthus altissima,España,2023,973,87827,11.0786,inat_hist+bioquest
Ailanthus altissima,España,2024,1576,128437,12.2706,inat_hist+bioquest
Ailanthus altissima,España,2025,1045,131516,7.9458,inat_hist+bioquest
Ailanthus altissima,España,2026,737,48059,15.3353,inat_hist+bioquest
Alternanthera philoxeroides,Catalunya,2023,1,62083,0.0161,inat_hist+bioquest
Alternanthera philoxeroides,Catalunya,2024,0,102301,0.0,inat_hist+bioquest
Alternanthera philoxeroides,Catalunya,2025,1,105404,0.0095,inat_hist+bioquest
Alternanthera philoxeroides,España,2018,2,10935,0.1829,inat_hist+bioquest
Alternanthera philoxeroides,España,2019,0,14618,0.0,inat_hist+bioquest
Alternanthera philoxeroides,España,2020,0,19947,0.0,inat_hist+bioquest
Alternanthera philoxeroides,España,2021,3,28029,0.107,inat_hist+bioquest
Alternanthera philoxeroides,España,2022,3,46486,0.0645,inat_hist+bioquest
Alternanthera philoxeroides,España,2023,1,87827,0.0114,inat_hist+bioquest
Alternanthera philoxeroides,España,2024,2,128437,0.0156,inat_hist+bioquest
Alternanthera philoxeroides,España,2025,9,131516,0.0684,inat_hist+bioquest
Alternanthera philoxeroides,España,2026,2,48059,0.0416,inat_hist+bioquest
Andropogon virginicus,Catalunya,2025,1,105404,0.0095,inat_hist+bioquest
Andropogon virginicus,España,2025,1,131516,0.0076,inat_hist+bioquest
Baccharis halimifolia,España,2017,1,6876,0.1454,inat_hist+bioquest
Baccharis halimifolia,España,2018,1,10935,0.0914,inat_hist+bioquest
Baccharis halimifolia,España,2019,2,14618,0.1368,inat_hist+bioquest
Baccharis halimifolia,España,2020,2,19947,0.1003,inat_hist+bioquest
Baccharis halimifolia,España,2021,2,28029,0.0714,inat_hist+bioquest
Baccharis halimifolia,España,2022,6,46486,0.1291,inat_hist+bioquest
Baccharis halimifolia,España,2023,10,87827,0.1139,inat_hist+bioquest
Baccharis halimifolia,España,2024,6,128437,0.0467,inat_hist+bioquest
Baccharis halimifolia,España,2025,18,131516,0.1369,inat_hist+bioquest
Baccharis halimifolia,España,2026,14,48059,0.2913,inat_hist+bioquest
Broussonetia papyrifera,Catalunya,2017,1,3520,0.2841,inat_hist+bioquest
Broussonetia papyrifera,Catalunya,2018,2,5303,0.3771,inat_hist+bioquest
Broussonetia papyrifera,Catalunya,2019,3,6470,0.4637,inat_hist+bioquest
Broussonetia papyrifera,Catalunya,2020,5,8051,0.621,inat_hist+bioquest
Broussonetia papyrifera,Catalunya,2021,12,10939,1.097,inat_hist+bioquest
Broussonetia papyrifera,Catalunya,2022,18,25543,0.7047,inat_hist+bioquest
Broussonetia papyrifera,Catalunya,2023,23,62083,0.3705,inat_hist+bioquest
Broussonetia papyrifera,Catalunya,2024,34,102301,0.3324,inat_hist+bioquest
Broussonetia papyrifera,Catalunya,2025,52,105404,0.4933,inat_hist+bioquest
Broussonetia papyrifera,Catalunya,2026,25,37731,0.6626,inat_hist+bioquest
Broussonetia papyrifera,España,2016,1,5444,0.1837,inat_hist+bioquest
Broussonetia papyrifera,España,2017,1,6876,0.1454,inat_hist+bioquest
Broussonetia papyrifera,España,2018,3,10935,0.2743,inat_hist+bioquest
Broussonetia papyrifera,España,2019,4,14618,0.2736,inat_hist+bioquest
Broussonetia papyrifera,España,2020,6,19947,0.3008,inat_hist+bioquest
Broussonetia papyrifera,España,2021,18,28029,0.6422,inat_hist+bioquest
Broussonetia papyrifera,España,2022,19,46486,0.4087,inat_hist+bioquest
Broussonetia papyrifera,España,2023,37,87827,0.4213,inat_hist+bioquest
Broussonetia papyrifera,España,2024,55,128437,0.4282,inat_hist+bioquest
Broussonetia papyrifera,España,2025,71,131516,0.5399,inat_hist+bioquest
Broussonetia papyrifera,España,2026,36,48059,0.7491,inat_hist+bioquest
Cardiospermum grandiflorum,Catalunya,2015,1,1670,0.5988,inat_hist+bioquest
Cardiospermum grandiflorum,Catalunya,2016,0,2477,0.0,inat_hist+bioquest
Cardiospermum grandiflorum,Catalunya,2017,0,3520,0.0,inat_hist+bioquest
Cardiospermum grandiflorum,Catalunya,2018,0,5303,0.0,inat_hist+bioquest
Cardiospermum grandiflorum,Catalunya,2019,0,6470,0.0,inat_hist+bioquest
Cardiospermum grandiflorum,Catalunya,2020,0,8051,0.0,inat_hist+bioquest
Cardiospermum grandiflorum,Catalunya,2021,0,10939,0.0,inat_hist+bioquest
Cardiospermum grandiflorum,Catalunya,2022,0,25543,0.0,inat_hist+bioquest
Cardiospermum grandiflorum,Catalunya,2023,0,62083,0.0,inat_hist+bioquest
Cardiospermum grandiflorum,Catalunya,2024,1,102301,0.0098,inat_hist+bioquest
Cardiospermum grandiflorum,Catalunya,2025,0,105404,0.0,inat_hist+bioquest
Cardiospermum grandiflorum,Catalunya,2026,1,37731,0.0265,inat_hist+bioquest
Cardiospermum grandiflorum,España,2005,3,182,16.4835,inat_hist+bioquest
Cardiospermum grandiflorum,España,2006,1,217,4.6083,inat_hist+bioquest
Cardiospermum grandiflorum,España,2007,1,306,3.268,inat_hist+bioquest
Cardiospermum grandiflorum,España,2008,1,1264,0.7911,inat_hist+bioquest
Cardiospermum grandiflorum,España,2009,0,758,0.0,inat_hist+bioquest
Cardiospermum grandiflorum,España,2010,1,799,1.2516,inat_hist+bioquest
Cardiospermum grandiflorum,España,2011,1,1331,0.7513,inat_hist+bioquest
Cardiospermum grandiflorum,España,2012,1,1461,0.6845,inat_hist+bioquest
Cardiospermum grandiflorum,España,2013,1,2333,0.4286,inat_hist+bioquest
Cardiospermum grandiflorum,España,2014,2,3222,0.6207,inat_hist+bioquest
Cardiospermum grandiflorum,España,2015,2,3642,0.5491,inat_hist+bioquest
Cardiospermum grandiflorum,España,2016,1,5444,0.1837,inat_hist+bioquest
Cardiospermum grandiflorum,España,2017,9,6876,1.3089,inat_hist+bioquest
Cardiospermum grandiflorum,España,2018,3,10935,0.2743,inat_hist+bioquest
Cardiospermum grandiflorum,España,2019,4,14618,0.2736,inat_hist+bioquest
Cardiospermum grandiflorum,España,2020,8,19947,0.4011,inat_hist+bioquest
Cardiospermum grandiflorum,España,2021,4,28029,0.1427,inat_hist+bioquest
Cardiospermum grandiflorum,España,2022,27,46486,0.5808,inat_hist+bioquest
Cardiospermum grandiflorum,España,2023,29,87827,0.3302,inat_hist+bioquest
Cardiospermum grandiflorum,España,2024,29,128437,0.2258,inat_hist+bioquest
Cardiospermum grandiflorum,España,2025,44,131516,0.3346,inat_hist+bioquest
Cardiospermum grandiflorum,España,2026,20,48059,0.4162,inat_hist+bioquest
Cortaderia jubata,España,2026,1,48059,0.0208,inat_hist+bioquest
Crassula helmsii,España,2022,1,46486,0.0215,inat_hist+bioquest
Crassula helmsii,España,2023,0,87827,0.0,inat_hist+bioquest
Crassula helmsii,España,2024,1,128437,0.0078,inat_hist+bioquest
Crassula helmsii,España,2025,1,131516,0.0076,inat_hist+bioquest
Crassula helmsii,España,2026,1,48059,0.0208,inat_hist+bioquest
Delairea odorata,Catalunya,2009,1,298,3.3557,inat_hist+bioquest
Delairea odorata,Catalunya,2010,0,92,0.0,inat_hist+bioquest
Delairea odorata,Catalunya,2011,0,142,0.0,inat_hist+bioquest
Delairea odorata,Catalunya,2012,0,408,0.0,inat_hist+bioquest
Delairea odorata,Catalunya,2013,0,1220,0.0,inat_hist+bioquest
Delairea odorata,Catalunya,2014,0,1634,0.0,inat_hist+bioquest
Delairea odorata,Catalunya,2015,0,1670,0.0,inat_hist+bioquest
Delairea odorata,Catalunya,2016,0,2477,0.0,inat_hist+bioquest
Delairea odorata,Catalunya,2017,1,3520,0.2841,inat_hist+bioquest
Delairea odorata,Catalunya,2018,1,5303,0.1886,inat_hist+bioquest
Delairea odorata,Catalunya,2019,2,6470,0.3091,inat_hist+bioquest
Delairea odorata,Catalunya,2020,1,8051,0.1242,inat_hist+bioquest
Delairea odorata,Catalunya,2021,10,10939,0.9142,inat_hist+bioquest
Delairea odorata,Catalunya,2022,16,25543,0.6264,inat_hist+bioquest
Delairea odorata,Catalunya,2023,12,62083,0.1933,inat_hist+bioquest
Delairea odorata,Catalunya,2024,25,102301,0.2444,inat_hist+bioquest
Delairea odorata,Catalunya,2025,29,105404,0.2751,inat_hist+bioquest
Delairea odorata,Catalunya,2026,9,37731,0.2385,inat_hist+bioquest
Delairea odorata,España,2009,2,758,2.6385,inat_hist+bioquest
Delairea odorata,España,2010,0,799,0.0,inat_hist+bioquest
Delairea odorata,España,2011,0,1331,0.0,inat_hist+bioquest
Delairea odorata,España,2012,1,1461,0.6845,inat_hist+bioquest
Delairea odorata,España,2013,2,2333,0.8573,inat_hist+bioquest
Delairea odorata,España,2014,0,3222,0.0,inat_hist+bioquest
Delairea odorata,España,2015,0,3642,0.0,inat_hist+bioquest
Delairea odorata,España,2016,1,5444,0.1837,inat_hist+bioquest
Delairea odorata,España,2017,3,6876,0.4363,inat_hist+bioquest
Delairea odorata,España,2018,7,10935,0.6401,inat_hist+bioquest
Delairea odorata,España,2019,10,14618,0.6841,inat_hist+bioquest
Delairea odorata,España,2020,7,19947,0.3509,inat_hist+bioquest
Delairea odorata,España,2021,28,28029,0.999,inat_hist+bioquest
Delairea odorata,España,2022,46,46486,0.9895,inat_hist+bioquest
Delairea odorata,España,2023,64,87827,0.7287,inat_hist+bioquest
Delairea odorata,España,2024,109,128437,0.8487,inat_hist+bioquest
Delairea odorata,España,2025,87,131516,0.6615,inat_hist+bioquest
Delairea odorata,España,2026,57,48059,1.186,inat_hist+bioquest
Eichhornia crassipes,España,2002,1,77,12.987,inat_hist+bioquest
Eichhornia crassipes,España,2003,0,74,0.0,inat_hist+bioquest
Eichhornia crassipes,España,2004,0,191,0.0,inat_hist+bioquest
Eichhornia crassipes,España,2005,0,182,0.0,inat_hist+bioquest
Eichhornia crassipes,España,2006,0,217,0.0,inat_hist+bioquest
Eichhornia crassipes,España,2007,0,306,0.0,inat_hist+bioquest
Eichhornia crassipes,España,2008,0,1264,0.0,inat_hist+bioquest
Eichhornia crassipes,España,2009,0,758,0.0,inat_hist+bioquest
Eichhornia crassipes,España,2010,0,799,0.0,inat_hist+bioquest
Eichhornia crassipes,España,2011,0,1331,0.0,inat_hist+bioquest
Eichhornia crassipes,España,2012,0,1461,0.0,inat_hist+bioquest
Eichhornia crassipes,España,2013,0,2333,0.0,inat_hist+bioquest
Eichhornia crassipes,España,2014,1,3222,0.3104,inat_hist+bioquest
Eichhornia crassipes,España,2015,0,3642,0.0,inat_hist+bioquest
Eichhornia crassipes,España,2016,1,5444,0.1837,inat_hist+bioquest
Eichhornia crassipes,España,2017,1,6876,0.1454,inat_hist+bioquest
Eichhornia crassipes,España,2018,2,10935,0.1829,inat_hist+bioquest
Eichhornia crassipes,España,2019,0,14618,0.0,inat_hist+bioquest
Eichhornia crassipes,España,2020,1,19947,0.0501,inat_hist+bioquest
Eichhornia crassipes,España,2021,2,28029,0.0714,inat_hist+bioquest
Eichhornia crassipes,España,2022,3,46486,0.0645,inat_hist+bioquest
Eichhornia crassipes,España,2023,2,87827,0.0228,inat_hist+bioquest
Eichhornia crassipes,España,2024,5,128437,0.0389,inat_hist+bioquest
Eichhornia crassipes,España,2025,3,131516,0.0228,inat_hist+bioquest
Eichhornia crassipes,España,2026,2,48059,0.0416,inat_hist+bioquest
Elodea nuttallii,Catalunya,2022,2,25543,0.0783,inat_hist+bioquest
Elodea nuttallii,España,2022,2,46486,0.043,inat_hist+bioquest
Gunnera tinctoria,España,2025,3,131516,0.0228,inat_hist+bioquest
Gunnera tinctoria,España,2026,2,48059,0.0416,inat_hist+bioquest
Hydrocotyle ranunculoides,España,2022,1,46486,0.0215,inat_hist+bioquest
Hydrocotyle ranunculoides,España,2023,0,87827,0.0,inat_hist+bioquest
Hydrocotyle ranunculoides,España,2024,1,128437,0.0078,inat_hist+bioquest
Hydrocotyle ranunculoides,España,2025,0,131516,0.0,inat_hist+bioquest
Hydrocotyle ranunculoides,España,2026,1,48059,0.0208,inat_hist+bioquest
Impatiens glandulifera,Catalunya,2022,2,25543,0.0783,inat_hist+bioquest
Impatiens glandulifera,Catalunya,2023,0,62083,0.0,inat_hist+bioquest
Impatiens glandulifera,Catalunya,2024,2,102301,0.0196,inat_hist+bioquest
Impatiens glandulifera,Catalunya,2025,3,105404,0.0285,inat_hist+bioquest
Impatiens glandulifera,Catalunya,2026,3,37731,0.0795,inat_hist+bioquest
Impatiens glandulifera,España,2019,1,14618,0.0684,inat_hist+bioquest
Impatiens glandulifera,España,2020,0,19947,0.0,inat_hist+bioquest
Impatiens glandulifera,España,2021,0,28029,0.0,inat_hist+bioquest
Impatiens glandulifera,España,2022,2,46486,0.043,inat_hist+bioquest
Impatiens glandulifera,España,2023,1,87827,0.0114,inat_hist+bioquest
Impatiens glandulifera,España,2024,2,128437,0.0156,inat_hist+bioquest
Impatiens glandulifera,España,2025,5,131516,0.038,inat_hist+bioquest
Impatiens glandulifera,España,2026,3,48059,0.0624,inat_hist+bioquest
Lagarosiphon major,España,2025,1,131516,0.0076,inat_hist+bioquest
Lagarosiphon major,España,2026,1,48059,0.0208,inat_hist+bioquest
Ludwigia grandiflora,Catalunya,2026,1,37731,0.0265,inat_hist+bioquest
Ludwigia grandiflora,España,2018,1,10935,0.0914,inat_hist+bioquest
Ludwigia grandiflora,España,2019,2,14618,0.1368,inat_hist+bioquest
Ludwigia grandiflora,España,2020,0,19947,0.0,inat_hist+bioquest
Ludwigia grandiflora,España,2021,32,28029,1.1417,inat_hist+bioquest
Ludwigia grandiflora,España,2022,39,46486,0.839,inat_hist+bioquest
Ludwigia grandiflora,España,2023,23,87827,0.2619,inat_hist+bioquest
Ludwigia grandiflora,España,2024,46,128437,0.3582,inat_hist+bioquest
Ludwigia grandiflora,España,2025,14,131516,0.1065,inat_hist+bioquest
Ludwigia grandiflora,España,2026,6,48059,0.1248,inat_hist+bioquest
Ludwigia peploides,Catalunya,2009,1,298,3.3557,inat_hist+bioquest
Ludwigia peploides,Catalunya,2010,0,92,0.0,inat_hist+bioquest
Ludwigia peploides,Catalunya,2011,0,142,0.0,inat_hist+bioquest
Ludwigia peploides,Catalunya,2012,0,408,0.0,inat_hist+bioquest
Ludwigia peploides,Catalunya,2013,0,1220,0.0,inat_hist+bioquest
Ludwigia peploides,Catalunya,2014,0,1634,0.0,inat_hist+bioquest
Ludwigia peploides,Catalunya,2015,0,1670,0.0,inat_hist+bioquest
Ludwigia peploides,Catalunya,2016,0,2477,0.0,inat_hist+bioquest
Ludwigia peploides,Catalunya,2017,0,3520,0.0,inat_hist+bioquest
Ludwigia peploides,Catalunya,2018,0,5303,0.0,inat_hist+bioquest
Ludwigia peploides,Catalunya,2019,0,6470,0.0,inat_hist+bioquest
Ludwigia peploides,Catalunya,2020,0,8051,0.0,inat_hist+bioquest
Ludwigia peploides,Catalunya,2021,1,10939,0.0914,inat_hist+bioquest
Ludwigia peploides,Catalunya,2022,5,25543,0.1957,inat_hist+bioquest
Ludwigia peploides,Catalunya,2023,26,62083,0.4188,inat_hist+bioquest
Ludwigia peploides,Catalunya,2024,15,102301,0.1466,inat_hist+bioquest
Ludwigia peploides,Catalunya,2025,3,105404,0.0285,inat_hist+bioquest
Ludwigia peploides,Catalunya,2026,7,37731,0.1855,inat_hist+bioquest
Ludwigia peploides,España,2009,1,758,1.3193,inat_hist+bioquest
Ludwigia peploides,España,2010,0,799,0.0,inat_hist+bioquest
Ludwigia peploides,España,2011,0,1331,0.0,inat_hist+bioquest
Ludwigia peploides,España,2012,0,1461,0.0,inat_hist+bioquest
Ludwigia peploides,España,2013,0,2333,0.0,inat_hist+bioquest
Ludwigia peploides,España,2014,0,3222,0.0,inat_hist+bioquest
Ludwigia peploides,España,2015,0,3642,0.0,inat_hist+bioquest
Ludwigia peploides,España,2016,0,5444,0.0,inat_hist+bioquest
Ludwigia peploides,España,2017,0,6876,0.0,inat_hist+bioquest
Ludwigia peploides,España,2018,0,10935,0.0,inat_hist+bioquest
Ludwigia peploides,España,2019,1,14618,0.0684,inat_hist+bioquest
Ludwigia peploides,España,2020,3,19947,0.1504,inat_hist+bioquest
Ludwigia peploides,España,2021,3,28029,0.107,inat_hist+bioquest
Ludwigia peploides,España,2022,9,46486,0.1936,inat_hist+bioquest
Ludwigia peploides,España,2023,39,87827,0.4441,inat_hist+bioquest
Ludwigia peploides,España,2024,18,128437,0.1401,inat_hist+bioquest
Ludwigia peploides,España,2025,7,131516,0.0532,inat_hist+bioquest
Ludwigia peploides,España,2026,40,48059,0.8323,inat_hist+bioquest
Myriophyllum aquaticum,Catalunya,2025,1,105404,0.0095,inat_hist+bioquest
Myriophyllum aquaticum,España,2015,1,3642,0.2746,inat_hist+bioquest
Myriophyllum aquaticum,España,2016,4,5444,0.7348,inat_hist+bioquest
Myriophyllum aquaticum,España,2017,4,6876,0.5817,inat_hist+bioquest
Myriophyllum aquaticum,España,2018,2,10935,0.1829,inat_hist+bioquest
Myriophyllum aquaticum,España,2019,1,14618,0.0684,inat_hist+bioquest
Myriophyllum aquaticum,España,2020,0,19947,0.0,inat_hist+bioquest
Myriophyllum aquaticum,España,2021,2,28029,0.0714,inat_hist+bioquest
Myriophyllum aquaticum,España,2022,2,46486,0.043,inat_hist+bioquest
Myriophyllum aquaticum,España,2023,4,87827,0.0455,inat_hist+bioquest
Myriophyllum aquaticum,España,2024,12,128437,0.0934,inat_hist+bioquest
Myriophyllum aquaticum,España,2025,12,131516,0.0912,inat_hist+bioquest
Myriophyllum aquaticum,España,2026,6,48059,0.1248,inat_hist+bioquest
Pennisetum setaceum,Catalunya,2016,1,2477,0.4037,inat_hist+bioquest
Pennisetum setaceum,Catalunya,2017,0,3520,0.0,inat_hist+bioquest
Pennisetum setaceum,Catalunya,2018,1,5303,0.1886,inat_hist+bioquest
Pennisetum setaceum,Catalunya,2019,1,6470,0.1546,inat_hist+bioquest
Pennisetum setaceum,Catalunya,2020,2,8051,0.2484,inat_hist+bioquest
Pennisetum setaceum,Catalunya,2021,1,10939,0.0914,inat_hist+bioquest
Pennisetum setaceum,Catalunya,2022,3,25543,0.1174,inat_hist+bioquest
Pennisetum setaceum,Catalunya,2023,6,62083,0.0966,inat_hist+bioquest
Pennisetum setaceum,Catalunya,2024,43,102301,0.4203,inat_hist+bioquest
Pennisetum setaceum,Catalunya,2025,41,105404,0.389,inat_hist+bioquest
Pennisetum setaceum,Catalunya,2026,10,37731,0.265,inat_hist+bioquest
Pennisetum setaceum,España,2000,1,21,47.619,inat_hist+bioquest
Pennisetum setaceum,España,2001,0,24,0.0,inat_hist+bioquest
Pennisetum setaceum,España,2002,0,77,0.0,inat_hist+bioquest
Pennisetum setaceum,España,2003,1,74,13.5135,inat_hist+bioquest
Pennisetum setaceum,España,2004,0,191,0.0,inat_hist+bioquest
Pennisetum setaceum,España,2005,1,182,5.4945,inat_hist+bioquest
Pennisetum setaceum,España,2006,2,217,9.2166,inat_hist+bioquest
Pennisetum setaceum,España,2007,1,306,3.268,inat_hist+bioquest
Pennisetum setaceum,España,2008,2,1264,1.5823,inat_hist+bioquest
Pennisetum setaceum,España,2009,3,758,3.9578,inat_hist+bioquest
Pennisetum setaceum,España,2010,8,799,10.0125,inat_hist+bioquest
Pennisetum setaceum,España,2011,2,1331,1.5026,inat_hist+bioquest
Pennisetum setaceum,España,2012,2,1461,1.3689,inat_hist+bioquest
Pennisetum setaceum,España,2013,9,2333,3.8577,inat_hist+bioquest
Pennisetum setaceum,España,2014,18,3222,5.5866,inat_hist+bioquest
Pennisetum setaceum,España,2015,5,3642,1.3729,inat_hist+bioquest
Pennisetum setaceum,España,2016,29,5444,5.327,inat_hist+bioquest
Pennisetum setaceum,España,2017,12,6876,1.7452,inat_hist+bioquest
Pennisetum setaceum,España,2018,28,10935,2.5606,inat_hist+bioquest
Pennisetum setaceum,España,2019,25,14618,1.7102,inat_hist+bioquest
Pennisetum setaceum,España,2020,38,19947,1.905,inat_hist+bioquest
Pennisetum setaceum,España,2021,61,28029,2.1763,inat_hist+bioquest
Pennisetum setaceum,España,2022,165,46486,3.5495,inat_hist+bioquest
Pennisetum setaceum,España,2023,301,87827,3.4272,inat_hist+bioquest
Pennisetum setaceum,España,2024,434,128437,3.3791,inat_hist+bioquest
Pennisetum setaceum,España,2025,420,131516,3.1935,inat_hist+bioquest
Pennisetum setaceum,España,2026,307,48059,6.388,inat_hist+bioquest
Prosopis juliflora,España,2024,1,128437,0.0078,inat_hist+bioquest
Reynoutria japonica,Catalunya,2018,1,5303,0.1886,inat_hist+bioquest
Reynoutria japonica,Catalunya,2019,0,6470,0.0,inat_hist+bioquest
Reynoutria japonica,Catalunya,2020,2,8051,0.2484,inat_hist+bioquest
Reynoutria japonica,Catalunya,2021,0,10939,0.0,inat_hist+bioquest
Reynoutria japonica,Catalunya,2022,2,25543,0.0783,inat_hist+bioquest
Reynoutria japonica,Catalunya,2023,1,62083,0.0161,inat_hist+bioquest
Reynoutria japonica,Catalunya,2024,4,102301,0.0391,inat_hist+bioquest
Reynoutria japonica,Catalunya,2025,2,105404,0.019,inat_hist+bioquest
Reynoutria japonica,Catalunya,2026,1,37731,0.0265,inat_hist+bioquest
Reynoutria japonica,España,2008,1,1264,0.7911,inat_hist+bioquest
Reynoutria japonica,España,2009,0,758,0.0,inat_hist+bioquest
Reynoutria japonica,España,2010,0,799,0.0,inat_hist+bioquest
Reynoutria japonica,España,2011,0,1331,0.0,inat_hist+bioquest
Reynoutria japonica,España,2012,0,1461,0.0,inat_hist+bioquest
Reynoutria japonica,España,2013,0,2333,0.0,inat_hist+bioquest
Reynoutria japonica,España,2014,0,3222,0.0,inat_hist+bioquest
Reynoutria japonica,España,2015,4,3642,1.0983,inat_hist+bioquest
Reynoutria japonica,España,2016,3,5444,0.5511,inat_hist+bioquest
Reynoutria japonica,España,2017,3,6876,0.4363,inat_hist+bioquest
Reynoutria japonica,España,2018,4,10935,0.3658,inat_hist+bioquest
Reynoutria japonica,España,2019,3,14618,0.2052,inat_hist+bioquest
Reynoutria japonica,España,2020,10,19947,0.5013,inat_hist+bioquest
Reynoutria japonica,España,2021,11,28029,0.3925,inat_hist+bioquest
Reynoutria japonica,España,2022,10,46486,0.2151,inat_hist+bioquest
Reynoutria japonica,España,2023,95,87827,1.0817,inat_hist+bioquest
Reynoutria japonica,España,2024,53,128437,0.4127,inat_hist+bioquest
Reynoutria japonica,España,2025,49,131516,0.3726,inat_hist+bioquest
Reynoutria japonica,España,2026,52,48059,1.082,inat_hist+bioquest
Reynoutria sachalinensis,Catalunya,2020,1,8051,0.1242,inat_hist+bioquest
Reynoutria sachalinensis,España,2020,1,19947,0.0501,inat_hist+bioquest
Reynoutria sachalinensis,España,2021,1,28029,0.0357,inat_hist+bioquest
Reynoutria sachalinensis,España,2022,0,46486,0.0,inat_hist+bioquest
Reynoutria sachalinensis,España,2023,0,87827,0.0,inat_hist+bioquest
Reynoutria sachalinensis,España,2024,0,128437,0.0,inat_hist+bioquest
Reynoutria sachalinensis,España,2025,1,131516,0.0076,inat_hist+bioquest
Reynoutria sachalinensis,España,2026,2,48059,0.0416,inat_hist+bioquest
Reynoutria x bohemica,España,2021,2,28029,0.0714,inat_hist+bioquest
Rugulopteryx okamurae,Catalunya,2024,14,102301,0.1369,inat_hist+bioquest
Rugulopteryx okamurae,Catalunya,2025,19,105404,0.1803,inat_hist+bioquest
Rugulopteryx okamurae,Catalunya,2026,50,37731,1.3252,inat_hist+bioquest
Rugulopteryx okamurae,España,2019,2,14618,0.1368,inat_hist+bioquest
Rugulopteryx okamurae,España,2020,0,19947,0.0,inat_hist+bioquest
Rugulopteryx okamurae,España,2021,1,28029,0.0357,inat_hist+bioquest
Rugulopteryx okamurae,España,2022,6,46486,0.1291,inat_hist+bioquest
Rugulopteryx okamurae,España,2023,21,87827,0.2391,inat_hist+bioquest
Rugulopteryx okamurae,España,2024,68,128437,0.5294,inat_hist+bioquest
Rugulopteryx okamurae,España,2025,129,131516,0.9809,inat_hist+bioquest
Rugulopteryx okamurae,España,2026,211,48059,4.3904,inat_hist+bioquest
Salvinia molesta,España,2014,1,3222,0.3104,inat_hist+bioquest
Salvinia molesta,España,2015,0,3642,0.0,inat_hist+bioquest
Salvinia molesta,España,2016,0,5444,0.0,inat_hist+bioquest
Salvinia molesta,España,2017,0,6876,0.0,inat_hist+bioquest
Salvinia molesta,España,2018,1,10935,0.0914,inat_hist+bioquest
Salvinia molesta,España,2019,1,14618,0.0684,inat_hist+bioquest
Salvinia molesta,España,2020,0,19947,0.0,inat_hist+bioquest
Salvinia molesta,España,2021,0,28029,0.0,inat_hist+bioquest
Salvinia molesta,España,2022,0,46486,0.0,inat_hist+bioquest
Salvinia molesta,España,2023,0,87827,0.0,inat_hist+bioquest
Salvinia molesta,España,2024,0,128437,0.0,inat_hist+bioquest
Salvinia molesta,España,2025,0,131516,0.0,inat_hist+bioquest
Salvinia molesta,España,2026,1,48059,0.0208,inat_hist+bioquest
