a,b,n,ratio,observadores,grupo_a,grupo_b,fotos_a,hits_b_en_a,fotos_b,hits_a_en_b,obs_indep_hits,control_tasa_a,control_tasa_b
electra_posidoniae,tridentata_perpusilla,26,3.11,9,Bryozoa,Cnidaria,41,12,57,33,39,0.0,0.017543859649122806
polititapes_aureus,ruditapes_decussatus,28,5.01,19,Mollusca,Mollusca,28,11,56,21,31,0.002380952380952381,0.0
condylactis_aurantiaca,periclimenes_scriptus,29,4.78,11,Cnidaria,Malacostraca,46,21,36,13,26,0.005928853754940711,0.044444444444444446
caloria_quatrefagesi,luisella_babai,23,8.45,15,Mollusca,Mollusca,33,17,32,7,24,0.01818181818181818,0.0125
echinolittorina_punctata,melarhaphe_neritoides,30,6.25,21,Mollusca,Mollusca,40,12,42,4,15,0.0,0.0
anas_platyrhynchos,gallinula_chloropus,63,4.63,19,Aves,Aves,42,4,32,10,14,0.0,0.0
cliona_rhodensis,rocellaria_dubia,45,3.16,10,Porifera,Mollusca,51,11,46,3,14,0.0,0.0
clavularia_crassa,rocellaria_dubia,37,3.0,14,Cnidaria,Mollusca,40,5,46,8,13,0.0016666666666666668,0.0
clavelina_lepadiformis,echinaster_sepositus,18,3.28,10,Animalia,Echinodermata,31,0,43,6,6,0.0,0.0
eryngium_maritimum,pancratium_maritimum,69,3.34,41,Plantae,Plantae,26,0,30,5,4,0.0,0.0
calystegia_soldanella,medicago_marina,36,5.34,29,Plantae,Plantae,27,1,60,2,3,0.0,0.0
mactra_corallina,peronaea_planata,33,3.62,28,Mollusca,Mollusca,49,3,36,0,3,0.0013605442176870747,0.001851851851851852
chamelea_gallina,glycymeris_glycymeris,30,6.68,19,Mollusca,Mollusca,22,0,48,3,2,0.021212121212121213,0.05
chamelea_gallina,spisula_subtruncata,71,3.7,33,Mollusca,Mollusca,22,2,34,0,2,0.021212121212121213,0.00196078431372549
donax_trunculus,spisula_subtruncata,60,3.84,34,Mollusca,Mollusca,32,2,34,0,2,0.05416666666666667,0.00196078431372549
sicyonia_carinata,synodus_saurus,35,4.73,10,Malacostraca,Actinopterygii,26,1,31,1,2,0.0,0.0
ophidiaster_ophidianus,tripterygion_delaisi,15,4.66,11,Echinodermata,Actinopterygii,42,1,44,1,2,0.0015873015873015873,0.041666666666666664
holothuria_forskali,reptadeonella_violacea,18,3.03,11,Echinodermata,Bryozoa,18,2,45,0,2,0.0,0.0
columbella_rustica,conus_ventricosus,56,5.01,37,Mollusca,Mollusca,35,1,25,0,1,0.0019047619047619048,0.0
chroicocephalus_ridibundus,gallinula_chloropus,33,5.52,21,Aves,Aves,39,1,32,0,1,0.00641025641025641,0.078125
ardea_cinerea,gallinula_chloropus,58,4.29,27,Aves,Aves,27,1,32,0,1,0.0,0.078125
diaphorodoris_alba,luisella_babai,59,4.11,25,Mollusca,Mollusca,38,1,32,0,1,0.017543859649122806,0.01875
mactra_corallina,turritellinella_tricarinata,28,5.44,23,Mollusca,Mollusca,49,1,50,0,1,0.0013605442176870747,0.0
donax_semistriatus,spisula_subtruncata,56,3.72,35,Mollusca,Mollusca,48,0,34,1,1,0.016666666666666666,0.0058823529411764705
barbatia_barbata,limaria_tuberculata,61,3.4,30,Mollusca,Mollusca,26,0,31,1,1,0.0,0.0
chamelea_gallina,mactra_corallina,39,3.67,29,Mollusca,Mollusca,22,0,49,1,1,0.0030303030303030303,0.036734693877551024
anas_platyrhynchos,phalacrocorax_carbo,51,3.24,20,Aves,Aves,42,0,34,1,1,0.023809523809523808,0.007352941176470588
chamelea_gallina,ensis_minor,34,3.7,24,Mollusca,Mollusca,22,0,46,1,1,0.0,0.0014492753623188406
fistularia_commersonii,siganus_rivulatus,15,13.04,13,Actinopterygii,Actinopterygii,57,1,60,0,1,0.007017543859649123,0.016666666666666666
cotylorhiza_tuberculata,diplodus_vulgaris,40,4.54,16,Cnidaria,Actinopterygii,30,0,49,1,1,0.0,0.0
acanthocardia_tuberculata,cymodocea_nodosa,32,3.31,23,Mollusca,Plantae,45,0,57,1,1,0.0,0.0
chthamalus_stellatus,echinolittorina_punctata,29,3.78,14,Crustacea,Mollusca,46,0,40,1,1,0.0,
semicassis_undulata,synodus_saurus,24,3.64,14,Mollusca,Actinopterygii,32,1,31,0,1,0.0020833333333333333,0.0
ophisurus_serpens,sicyonia_carinata,35,4.01,11,Actinopterygii,Malacostraca,31,1,26,0,1,0.002932551319648094,0.002564102564102564
condylactis_aurantiaca,gobius_geniporus,16,3.55,15,Cnidaria,Actinopterygii,46,1,29,0,1,0.002898550724637681,0.006896551724137931
holothuria_forskali,pleraplysilla_spinifera,15,4.87,11,Echinodermata,Porifera,18,1,59,0,1,0.1111111111111111,0.0
epinephelus_costae,pinna_rudis,34,3.35,11,Actinopterygii,Mollusca,36,0,30,1,1,0.0,0.0022222222222222222
muraena_helena,octopus_vulgaris,18,3.36,13,Actinopterygii,Mollusca,46,1,59,0,1,0.0,0.005649717514124294
chthamalus_stellatus,cystoseira_compressa,22,3.05,12,Crustacea,,46,0,46,1,1,0.0,
conger_conger,galathea_strigosa,22,3.03,11,Actinopterygii,Malacostraca,34,1,52,0,1,0.0,0.0
bispira_volutacornis,phycis_phycis,19,3.49,9,Annelida,Actinopterygii,49,1,35,0,1,0.006802721088435374,0.0
cochlicella_acuta,trochoidea_elegans,32,13.22,25,Mollusca,Mollusca,16,0,16,0,0,0.0,0.0
cochlicella_acuta,xerotricha_conspurcata,25,10.56,21,Mollusca,Mollusca,16,0,15,0,0,0.008333333333333333,0.0
chamelea_gallina,donax_trunculus,101,4.68,61,Mollusca,Mollusca,22,0,32,0,0,0.0030303030303030303,0.008333333333333333
anas_platyrhynchos,egretta_garzetta,76,4.89,20,Aves,Aves,42,0,21,0,0,0.023809523809523808,0.0
ardea_cinerea,egretta_garzetta,111,4.14,40,Aves,Aves,27,0,21,0,0,0.009259259259259259,0.0
egretta_garzetta,gallinula_chloropus,59,5.03,27,Aves,Aves,21,0,32,0,0,0.0,0.078125
anas_platyrhynchos,ardea_cinerea,78,4.29,27,Aves,Aves,42,0,27,0,0,0.023809523809523808,0.009259259259259259
calystegia_soldanella,eryngium_maritimum,64,4.51,47,Plantae,Plantae,27,0,26,0,0,0.00411522633744856,0.0
mactra_corallina,solen_marginatus,39,5.35,29,Mollusca,Mollusca,49,0,60,0,0,0.03537414965986395,0.0033333333333333335
acanthocardia_tuberculata,mactra_stultorum,80,4.06,55,Mollusca,Mollusca,45,0,36,0,0,0.045925925925925926,0.0
mactra_stultorum,peronaea_planata,49,4.7,40,Mollusca,Mollusca,36,0,36,0,0,0.0,0.027777777777777776
chamelea_gallina,mactra_stultorum,69,4.14,41,Mollusca,Mollusca,22,0,36,0,0,0.0,0.009259259259259259
iberus_splendidus,solatopupa_similis,31,6.63,18,Mollusca,Mollusca,34,0,21,0,0,0.0,0.0
chamelea_gallina,donax_semistriatus,33,5.08,26,Mollusca,Mollusca,22,0,48,0,0,0.01818181818181818,0.0
donax_semistriatus,mactra_corallina,45,4.37,36,Mollusca,Mollusca,48,0,49,0,0,0.001388888888888889,0.006802721088435374
donax_semistriatus,dosinia_lupinus,32,5.03,22,Mollusca,Mollusca,48,0,39,0,0,0.05416666666666667,0.0017094017094017094
cardites_antiquatus,conus_ventricosus,51,4.1,21,Mollusca,Mollusca,43,0,25,0,0,0.0,0.0
solatopupa_similis,zonites_algirus,18,22.09,12,Mollusca,Mollusca,21,0,35,0,0,0.0,0.0
donax_trunculus,mactra_stultorum,70,3.47,49,Mollusca,Mollusca,32,0,36,0,0,0.0020833333333333333,0.001851851851851852
barbatia_barbata,conus_ventricosus,49,3.83,24,Mollusca,Mollusca,26,0,25,0,0,0.005128205128205128,0.0
pinnoctopus_macropus,stenopus_spinosus,72,3.34,34,Mollusca,Malacostraca,34,0,38,0,0,0.0,0.0
ensis_minor,turritellinella_tricarinata,27,4.78,25,Mollusca,Mollusca,46,0,50,0,0,0.0,0.0
echinolittorina_punctata,patella_rustica,30,4.54,25,Mollusca,Mollusca,40,0,34,0,0,0.0,0.0
mactra_corallina,peronidia_albicans,26,4.68,22,Mollusca,Mollusca,49,0,59,0,0,0.03945578231292517,0.024858757062146894
ensis_minor,mactra_stultorum,49,3.58,38,Mollusca,Mollusca,46,0,36,0,0,0.002898550724637681,0.007407407407407408
donax_semistriatus,mactra_stultorum,35,3.94,28,Mollusca,Mollusca,48,0,36,0,0,0.001388888888888889,0.05185185185185185
arca_noae,mactra_stultorum,28,4.27,20,Mollusca,Mollusca,34,0,36,0,0,0.0,0.001851851851851852
bituminaria_bituminosa,convolvulus_althaeoides,55,3.29,34,Plantae,Plantae,17,0,32,0,0,0.0,0.0
bolinus_brandaris,neverita_josephinia,61,3.19,49,Mollusca,Mollusca,30,0,29,0,0,0.0,0.0
cakile_maritima,eryngium_maritimum,61,3.18,42,Plantae,Plantae,23,0,26,0,0,0.0,0.0
ensis_minor,mactra_corallina,40,3.63,27,Mollusca,Mollusca,46,0,49,0,0,0.06086956521739131,0.0027210884353741495
porcellana_platycheles,xantho_poressa,55,3.27,20,Malacostraca,Malacostraca,36,0,25,0,0,0.0,0.0
asparagus_acutifolius,rhamnus_alaternus,25,5.14,18,Plantae,Plantae,28,0,60,0,0,0.0,0.0
pisania_striata,steromphala_divaricata,22,5.43,18,Mollusca,Mollusca,45,0,47,0,0,0.0,0.0
glycymeris_glycymeris,spisula_subtruncata,42,3.49,21,Mollusca,Mollusca,48,0,34,0,0,0.004166666666666667,0.00196078431372549
peronaea_planata,tritia_mutabilis,26,4.51,19,Mollusca,Mollusca,36,0,30,0,0,0.07777777777777778,0.0
chamelea_gallina,peronaea_planata,28,4.02,21,Mollusca,Mollusca,22,0,36,0,0,0.006060606060606061,0.05555555555555555
spisula_subtruncata,turritellinella_tricarinata,29,3.93,24,Mollusca,Mollusca,34,0,50,0,0,0.00196078431372549,0.0
melarhaphe_neritoides,patella_rustica,29,3.89,26,Mollusca,Mollusca,42,0,34,0,0,0.0015873015873015873,0.0
chamelea_gallina,neverita_josephinia,33,3.69,25,Mollusca,Mollusca,22,0,29,0,0,0.0,0.0
barbatia_barbata,cardites_antiquatus,42,3.39,20,Mollusca,Mollusca,26,0,43,0,0,0.0,0.0
bosemprella_incarnata,mactra_stultorum,31,3.72,23,Mollusca,Mollusca,41,0,36,0,0,0.07967479674796749,0.044444444444444446
donax_semistriatus,ensis_minor,28,3.86,24,Mollusca,Mollusca,48,0,46,0,0,0.001388888888888889,0.06086956521739131
glycymeris_nummaria,spisula_subtruncata,34,3.57,26,Mollusca,Mollusca,33,0,34,0,0,0.0,0.0058823529411764705
glycymeris_nummaria,mactra_corallina,29,3.79,25,Mollusca,Mollusca,33,0,49,0,0,0.0,0.055782312925170066
asparagus_acutifolius,pinus_pinea,37,11.69,10,Plantae,Plantae,28,0,60,0,0,0.0,0.0
calmella_cavolini,elysia_timida,22,7.76,14,Mollusca,Mollusca,42,0,46,0,0,0.0,0.0
bosemprella_incarnata,ensis_minor,28,4.04,19,Mollusca,Mollusca,41,0,46,0,0,0.05203252032520325,0.06086956521739131
muraena_helena,ophidiaster_ophidianus,17,12.57,12,Actinopterygii,Echinodermata,46,0,42,0,0,0.007246376811594203,0.0015873015873015873
asterina_gibbosa,xantho_poressa,30,3.34,20,Echinodermata,Malacostraca,29,0,25,0,0,0.0,0.0
epinephelus_costae,ophidiaster_ophidianus,51,3.38,17,Actinopterygii,Echinodermata,36,0,42,0,0,0.0,0.0031746031746031746
parablennius_rouxi,paraflabellina_ischitana,28,3.17,21,Actinopterygii,Mollusca,32,0,39,0,0,0.0,0.0
ariosoma_balearicum,sicyonia_carinata,31,4.93,14,Actinopterygii,Malacostraca,36,0,26,0,0,0.005050505050505051,0.002564102564102564
ophidiaster_ophidianus,sparisoma_cretense,29,4.27,15,Echinodermata,Actinopterygii,42,0,43,0,0,0.0015873015873015873,0.0
pagellus_erythrinus,penaeus_kerathurus,45,3.6,15,Actinopterygii,Malacostraca,35,0,33,0,0,0.0,0.0
sarcotragus_spinosulus,sparisoma_cretense,17,7.38,12,Porifera,Actinopterygii,28,0,43,0,0,0.0,0.0
steromphala_varia,xantho_poressa,42,3.06,16,Mollusca,Malacostraca,33,0,25,0,0,0.0,0.0
carcinus_aestuarii,tritia_neritea,38,3.5,14,Malacostraca,Mollusca,22,0,29,0,0,0.0,0.0
pachycerianthus_solitarius,pagellus_acarne,34,3.18,15,Cnidaria,Actinopterygii,40,0,44,0,0,0.0016666666666666668,0.00909090909090909
clavelina_lepadiformis,luisella_babai,26,3.09,16,Animalia,Mollusca,31,0,32,0,0,0.0,0.0
astropecten_platyacanthus,pagellus_acarne,47,3.2,13,Echinodermata,Actinopterygii,30,0,44,0,0,0.0044444444444444444,0.0
dactylopterus_volitans,pinnoctopus_macropus,35,3.51,13,Actinopterygii,Mollusca,26,0,34,0,0,0.0,0.0058823529411764705
rudmania_krohni,yungia_aurantiaca,24,3.53,14,Mollusca,Platyhelminthes,43,0,36,0,0,,0.0
columbella_rustica,microlipophrys_canevae,26,3.07,15,Mollusca,Actinopterygii,35,0,35,0,0,0.0,0.015238095238095238
astropecten_platyacanthus,sicyonia_carinata,28,4.89,10,Echinodermata,Malacostraca,30,0,26,0,0,0.0,0.0
pachycerianthus_solitarius,sicyonia_carinata,22,4.16,11,Cnidaria,Malacostraca,40,0,26,0,0,0.0,0.0
ophidiaster_ophidianus,seriola_dumerili,20,3.35,13,Echinodermata,Actinopterygii,42,0,39,0,0,0.0,0.0
cribrinopsis_crassa,felimare_orsinii,23,3.12,13,Cnidaria,Mollusca,30,0,45,0,0,0.0022222222222222222,0.0
astropecten_platyacanthus,scyllarus_arctus,28,3.42,11,Echinodermata,Malacostraca,30,0,36,0,0,0.0,0.004629629629629629
porcellana_platycheles,steromphala_varia,30,3.68,10,Malacostraca,Mollusca,36,0,33,0,0,0.001851851851851852,0.0
penaeus_kerathurus,synodus_saurus,19,3.93,11,Malacostraca,Actinopterygii,33,0,31,0,0,0.0,0.002932551319648094
hacelia_attenuata,hermodice_carunculata,17,4.08,11,Echinodermata,Annelida,27,0,37,0,0,0.0,0.0
ariosoma_balearicum,diogenes_pugilator,23,3.18,12,Actinopterygii,Malacostraca,36,0,34,0,0,0.005050505050505051,0.0
pagellus_acarne,sicyonia_carinata,21,4.13,10,Actinopterygii,Malacostraca,44,0,26,0,0,0.0,0.002564102564102564
gnathophyllum_elegans,pagellus_erythrinus,37,3.73,9,Malacostraca,Actinopterygii,32,0,35,0,0,0.0,0.0
electra_posidoniae,xantho_poressa,17,5.24,9,Bryozoa,Malacostraca,41,0,25,0,0,0.0,0.0
felimare_fontandraui,tripterygion_delaisi,17,3.44,12,Mollusca,Actinopterygii,36,0,44,0,0,0.0,0.0
galathea_strigosa,phycis_phycis,27,3.16,11,Malacostraca,Actinopterygii,52,0,35,0,0,0.0,0.0
pagellus_acarne,pinnoctopus_macropus,27,3.12,11,Actinopterygii,Mollusca,44,0,34,0,0,0.0,0.00392156862745098
chelidonichthys_obscurus,penaeus_kerathurus,35,3.1,10,Actinopterygii,Malacostraca,38,0,33,0,0,0.0,0.0
lepadogaster_candolii,periclimenes_aegylios,25,4.53,8,Actinopterygii,Malacostraca,36,0,60,0,0,0.0,0.0
astropecten_spinulosus,periclimenes_aegylios,32,3.48,9,Echinodermata,Malacostraca,40,0,60,0,0,0.0,0.0
gobius_xanthocephalus,periclimenes_scriptus,15,4.17,10,Actinopterygii,Malacostraca,34,0,36,0,0,0.0,0.0
conus_ventricosus,xantho_poressa,16,3.95,10,Mollusca,Malacostraca,25,0,25,0,0,0.0,0.0
holothuria_forskali,spicara_smaris,19,3.07,11,Echinodermata,Actinopterygii,18,0,40,0,0,0.003703703703703704,0.0
aplidium_elegans,axinella_damicornis,17,3.53,10,Animalia,Porifera,41,0,31,0,0,0.016260162601626018,0.0
astropecten_spinulosus,sicyonia_carinata,21,3.67,9,Echinodermata,Malacostraca,40,0,26,0,0,0.0,0.0
gnathophyllum_elegans,simnia_spelta,26,3.33,9,Malacostraca,Mollusca,32,0,34,0,0,0.0,0.0
luisella_babai,scorpaena_scrofa,17,3.47,10,Mollusca,Actinopterygii,32,0,41,0,0,0.0,0.0
ericaria_mediterranea,gobius_incognitus,15,3.26,11,,Actinopterygii,59,0,60,0,0,0.0,0.0
gnathophyllum_elegans,lepadogaster_lepadogaster,35,3.44,8,Malacostraca,Actinopterygii,32,0,36,0,0,0.0,0.0
goniodoridella_picoensis,reptadeonella_violacea,15,3.63,10,Mollusca,Bryozoa,29,0,45,0,0,0.034482758620689655,0.002962962962962963
carcinus_aestuarii,syngnathus_abaster,23,3.99,8,Malacostraca,Actinopterygii,22,0,42,0,0,0.0030303030303030303,0.0
bispira_volutacornis,scorpaena_scrofa,18,3.69,9,Annelida,Actinopterygii,49,0,41,0,0,0.00816326530612245,0.0
ophidiaster_ophidianus,sphyraena_viridensis,24,3.27,9,Echinodermata,Actinopterygii,42,0,42,0,0,0.0015873015873015873,0.003968253968253968
clavelina_dellavallei,hacelia_attenuata,16,3.32,10,Animalia,Echinodermata,46,0,27,0,0,0.0,0.037037037037037035
pagellus_acarne,phallusia_mammillata,17,4.26,8,Actinopterygii,Animalia,44,0,34,0,0,0.0,0.00392156862745098
