a,b,n,esperado_esfuerzo,ratio,z,q,celdas,dias,observadores,med_frac,grupo_a,grupo_b
cochlicella_acuta,trochoidea_elegans,32,2.42,13.22,25.67,4.283347442931262e-138,21,32,25,1.0,Mollusca,Mollusca
cochlicella_acuta,xerotricha_conspurcata,25,2.37,10.56,18.93,3.930383448295016e-74,17,25,21,1.0,Mollusca,Mollusca
chamelea_gallina,donax_trunculus,101,21.58,4.68,21.16,8.899470634832865e-96,58,99,61,1.0,Mollusca,Mollusca
anas_platyrhynchos,egretta_garzetta,76,15.53,4.89,18.35,1.291132003200554e-71,16,70,20,0.987,Aves,Aves
ardea_cinerea,egretta_garzetta,111,26.81,4.14,20.83,8.16915550767474e-93,44,93,40,0.955,Aves,Aves
columbella_rustica,conus_ventricosus,56,11.17,5.01,16.68,8.797098897482102e-59,36,51,37,1.0,Mollusca,Mollusca
anas_platyrhynchos,ardea_cinerea,78,18.2,4.29,18.31,3.0202580646466424e-71,24,68,27,0.974,Aves,Aves
calystegia_soldanella,eryngium_maritimum,64,14.19,4.51,17.01,3.235932431297297e-61,36,57,47,0.938,Plantae,Plantae
echinolittorina_punctata,melarhaphe_neritoides,30,4.8,6.25,13.75,3.9539224482004023e-39,21,29,21,1.0,Mollusca,Mollusca
mactra_corallina,solen_marginatus,39,7.29,5.35,14.61,1.4707228313466265e-44,31,39,29,0.897,Mollusca,Mollusca
acanthocardia_tuberculata,mactra_stultorum,80,19.7,4.06,16.79,7.584450146489918e-60,45,76,55,0.988,Mollusca,Mollusca
chamelea_gallina,glycymeris_glycymeris,30,4.49,6.68,14.55,7.565662403027592e-44,18,29,19,1.0,Mollusca,Mollusca
mactra_stultorum,peronaea_planata,49,10.44,4.7,15.6,3.9282273731801523e-51,37,48,40,1.0,Mollusca,Mollusca
calystegia_soldanella,medicago_marina,36,6.75,5.34,13.73,3.082138977081551e-39,25,35,29,0.889,Plantae,Plantae
chroicocephalus_ridibundus,gallinula_chloropus,33,5.98,5.52,13.51,6.934457018289695e-38,23,33,21,0.879,Aves,Aves
iberus_splendidus,solatopupa_similis,31,4.67,6.63,17.06,1.7045827610099524e-60,20,29,18,1.0,Mollusca,Mollusca
diaphorodoris_alba,luisella_babai,59,14.34,4.11,14.7,1.628609146647421e-45,17,53,25,1.0,Mollusca,Mollusca
mactra_corallina,turritellinella_tricarinata,28,5.14,5.44,12.01,9.428849160138928e-30,20,28,23,0.893,Mollusca,Mollusca
donax_semistriatus,dosinia_lupinus,32,6.36,5.03,13.2,4.669152930191989e-36,26,30,22,1.0,Mollusca,Mollusca
cardites_antiquatus,conus_ventricosus,51,12.43,4.1,14.12,7.454263944769179e-42,21,49,21,1.0,Mollusca,Mollusca
donax_trunculus,spisula_subtruncata,60,15.64,3.84,14.93,5.860272468738511e-47,30,57,34,1.0,Mollusca,Mollusca
solatopupa_similis,zonites_algirus,18,0.81,22.09,26.7,1.5888463767567272e-14,15,18,12,1.0,Mollusca,Mollusca
donax_semistriatus,spisula_subtruncata,56,15.06,3.72,13.61,6.206537719330148e-39,36,52,35,0.982,Mollusca,Mollusca
pinnoctopus_macropus,stenopus_spinosus,72,21.54,3.34,16.86,3.2786023280733515e-60,26,65,34,0.986,Mollusca,Malacostraca
ensis_minor,turritellinella_tricarinata,27,5.65,4.78,12.11,3.961057099069383e-30,17,24,25,0.926,Mollusca,Mollusca
echinolittorina_punctata,patella_rustica,30,6.61,4.54,11.44,4.87293784459418e-27,19,30,25,1.0,Mollusca,Mollusca
eryngium_maritimum,pancratium_maritimum,69,20.66,3.34,13.15,1.8551608721019406e-36,40,64,41,0.87,Plantae,Plantae
polititapes_aureus,ruditapes_decussatus,28,5.59,5.01,12.47,5.291632670815427e-32,20,27,19,0.964,Mollusca,Mollusca
barbatia_barbata,limaria_tuberculata,61,17.94,3.4,13.07,6.500573080423122e-36,35,59,30,1.0,Mollusca,Mollusca
caloria_quatrefagesi,luisella_babai,23,2.72,8.45,17.17,1.5435772305125448e-60,8,18,15,1.0,Mollusca,Mollusca
