a,b,n,esperado_esfuerzo,ratio,z,q,celdas,dias,observadores,med_frac,grupo_a,grupo_b,score
pinnoctopus_macropus,stenopus_spinosus,72,21.54,3.34,16.86,3.2786023280733515e-60,26,65,34,0.986,Mollusca,Malacostraca,5.158
cotylorhiza_tuberculata,diplodus_vulgaris,40,8.8,4.54,15.0,6.0628267666922635e-47,12,31,16,1.0,Cnidaria,Actinopterygii,4.465
muraena_helena,ophidiaster_ophidianus,17,1.35,12.57,17.69,6.3977701844243545e-12,11,14,12,1.0,Actinopterygii,Echinodermata,4.303
acanthocardia_tuberculata,cymodocea_nodosa,32,9.66,3.31,9.8,6.410136403393274e-20,18,22,23,1.0,Mollusca,Plantae,4.148
asterina_gibbosa,xantho_poressa,30,8.98,3.34,8.73,6.677466138099958e-16,22,29,20,0.967,Echinodermata,Malacostraca,4.102
epinephelus_costae,ophidiaster_ophidianus,51,15.11,3.38,13.1,5.85849529959849e-36,15,36,17,1.0,Actinopterygii,Echinodermata,4.07
parablennius_rouxi,paraflabellina_ischitana,28,8.83,3.17,8.12,8.559375728347182e-14,16,26,21,1.0,Actinopterygii,Mollusca,3.844
ariosoma_balearicum,sicyonia_carinata,31,6.29,4.93,13.5,1.1459192588598314e-37,18,29,14,1.0,Actinopterygii,Malacostraca,3.835
pagellus_erythrinus,penaeus_kerathurus,45,12.51,3.6,11.59,4.620812362590079e-28,20,42,15,1.0,Actinopterygii,Malacostraca,3.657
sarcotragus_spinosulus,sparisoma_cretense,17,2.3,7.38,12.02,4.4105801871338146e-29,15,16,12,1.0,Porifera,Actinopterygii,3.398
steromphala_varia,xantho_poressa,42,13.72,3.06,9.88,2.0034662721557846e-20,18,40,16,1.0,Mollusca,Malacostraca,3.344
carcinus_aestuarii,tritia_neritea,38,10.85,3.5,12.0,6.360172176903141e-30,12,28,14,1.0,Malacostraca,Mollusca,3.19
chthamalus_stellatus,echinolittorina_punctata,29,7.68,3.78,10.55,5.778855451751419e-23,15,26,14,0.966,Crustacea,Mollusca,3.134
pachycerianthus_solitarius,pagellus_acarne,34,10.7,3.18,10.08,4.4431649363736545e-21,16,29,15,1.0,Cnidaria,Actinopterygii,3.06
clavelina_lepadiformis,luisella_babai,26,8.42,3.09,7.04,1.5115211259468288e-10,12,24,16,0.923,Animalia,Mollusca,2.941
astropecten_platyacanthus,pagellus_acarne,47,14.71,3.2,11.4,3.818716654637445e-27,14,38,13,1.0,Echinodermata,Actinopterygii,2.911
dactylopterus_volitans,pinnoctopus_macropus,35,9.98,3.51,10.28,5.743442153146642e-22,9,34,13,1.0,Actinopterygii,Mollusca,2.902
condylactis_aurantiaca,periclimenes_scriptus,29,6.07,4.78,12.02,9.00303893830117e-30,14,23,11,1.0,Cnidaria,Malacostraca,2.897
semicassis_undulata,synodus_saurus,24,6.6,3.64,8.52,4.9319321144544144e-15,19,22,14,1.0,Mollusca,Actinopterygii,2.874
rudmania_krohni,yungia_aurantiaca,24,6.8,3.53,8.05,1.6686157284431334e-13,9,22,14,1.0,Mollusca,Platyhelminthes,2.806
clavularia_crassa,rocellaria_dubia,37,12.33,3.0,9.04,4.23283787152808e-17,12,37,14,1.0,Cnidaria,Mollusca,2.777
sicyonia_carinata,synodus_saurus,35,7.4,4.73,16.78,1.2897178513398294e-58,14,33,10,1.0,Malacostraca,Actinopterygii,2.762
columbella_rustica,microlipophrys_canevae,26,8.48,3.07,7.19,5.896391710230216e-11,11,25,15,1.0,Mollusca,Actinopterygii,2.741
condylactis_aurantiaca,gobius_geniporus,16,4.51,3.55,6.82,1.0590607352428566e-09,11,15,15,1.0,Cnidaria,Actinopterygii,2.635
melarhaphe_neritoides,microeuraphia_depressa,9,0.49,18.53,13.24,5.582921360433634e-08,9,9,8,1.0,Mollusca,Crustacea,2.566
armadillidium_vulgare,theba_pisana,9,0.33,27.0,15.92,2.8847332338193013e-09,5,5,7,1.0,Malacostraca,Mollusca,2.535
aglaja_tricolorata,astropecten_platyacanthus,10,0.28,35.48,18.62,2.871426491413757e-11,5,8,6,1.0,Mollusca,Echinodermata,2.465
holothuria_forskali,pleraplysilla_spinifera,15,3.08,4.87,8.58,7.544686570133386e-15,11,14,11,1.0,Echinodermata,Porifera,2.358
epinephelus_costae,pinna_rudis,34,10.14,3.35,11.02,3.9105614411371286e-25,10,33,11,1.0,Actinopterygii,Mollusca,2.345
cribrinopsis_crassa,felimare_orsinii,23,7.36,3.12,6.63,2.019152052459112e-09,10,23,13,1.0,Cnidaria,Mollusca,2.319
