especie,familia,total_obs,n_Enero,n_Febrero,n_Marzo,n_Abril,n_Mayo,n_Junio,n_Julio,n_Agosto,n_Septiembre,n_Octubre,n_Noviembre,n_Diciembre,suav_Enero,suav_Febrero,suav_Marzo,suav_Abril,suav_Mayo,suav_Junio,suav_Julio,suav_Agosto,suav_Septiembre,suav_Octubre,suav_Noviembre,suav_Diciembre,pico_mes_suavizado
Cratena peregrina,Facelinidae,4371,207,158,148,292,267,320,685,977,566,315,202,234,0.4361,0.3264,0.2967,0.4332,0.3446,0.3938,0.7905,1.0,0.6766,0.4506,0.3663,0.4449,Agosto
Flabellina affinis,Flabellinidae,1808,74,39,29,104,86,116,420,421,240,132,60,87,0.3217,0.1664,0.1201,0.3185,0.2293,0.2949,1.0,0.8893,0.5921,0.3897,0.2246,0.3413,Julio
Peltodoris atromaculata,Discodorididae,1436,52,31,24,74,141,141,182,296,222,139,74,60,0.3615,0.2115,0.159,0.3625,0.6006,0.5728,0.6934,1.0,0.8757,0.6561,0.4428,0.3765,Agosto
Felimare picta,Chromodorididae,1228,17,19,9,57,89,132,234,307,199,76,47,42,0.1142,0.1251,0.0577,0.2694,0.3658,0.5171,0.8593,1.0,0.757,0.3462,0.2713,0.2542,Agosto
Edmundsella pedata,Flabellinidae,854,113,100,78,161,102,87,37,19,8,27,39,83,0.9966,0.8649,0.6546,1.0,0.5517,0.4491,0.18,0.0831,0.0413,0.1625,0.2965,0.6609,Abril
Felimare tricolor,Chromodorididae,797,3,6,7,40,120,188,190,112,102,15,10,4,0.0278,0.054,0.0611,0.2571,0.6697,1.0,0.9482,0.4968,0.5278,0.0936,0.0789,0.0334,Junio
Calmella cavolini,Flabellinidae,582,21,40,20,42,55,42,82,118,76,51,7,28,0.366,0.6829,0.3318,0.5158,0.5878,0.4288,0.7836,1.0,0.7521,0.6038,0.1059,0.4404,Agosto
Diaphorodoris papillata,Calycidorididae,398,32,33,38,103,86,51,11,8,6,9,8,13,0.4414,0.4464,0.4987,1.0,0.7271,0.4121,0.0851,0.0562,0.0489,0.0856,0.0958,0.1624,Abril
Paradoris indecora,Discodorididae,386,42,36,17,23,28,29,50,76,28,13,7,37,1.0,0.8407,0.3859,0.3874,0.4108,0.406,0.655,0.8826,0.3812,0.2124,0.1449,0.7955,Enero
Antiopella cristata,Janolidae,363,57,44,25,68,97,25,1,1,0,1,0,44,0.9584,0.7257,0.4005,0.8058,1.0,0.2476,0.0118,0.0114,0.0025,0.0132,0.0011,0.6681,Mayo
Polycera quadrilineata,Polyceridae,341,65,69,45,38,60,20,5,1,0,2,3,33,0.9607,1.0,0.633,0.3965,0.5445,0.1745,0.0428,0.0101,0.0022,0.0216,0.0391,0.4407,Febrero
Rudmania krohni,Chromodorididae,329,6,7,12,41,61,75,54,37,18,3,2,13,0.1377,0.1575,0.2611,0.6592,0.8532,1.0,0.6768,0.4136,0.2358,0.0487,0.0407,0.2685,Junio
Nemesignis banyulensis,Myrrhinidae,289,14,6,32,35,33,25,49,46,23,7,5,14,0.4607,0.1947,1.0,0.8111,0.6668,0.4832,0.8851,0.7391,0.4326,0.1593,0.1433,0.4163,Marzo
Diaphorodoris alba,Calycidorididae,231,11,14,20,48,61,52,12,6,0,1,1,5,0.2948,0.3677,0.5091,0.9041,1.0,0.8138,0.1795,0.083,0.0039,0.0209,0.0248,0.122,Mayo
Facelina annulicornis,Facelinidae,222,54,44,20,19,17,12,6,1,2,7,4,36,1.0,0.7992,0.353,0.2493,0.195,0.1322,0.0637,0.0126,0.0237,0.0899,0.0649,0.6022,Enero
Felimare fontandraui,Chromodorididae,215,2,2,5,12,61,58,36,27,7,2,1,2,0.0547,0.0537,0.1284,0.228,1.0,0.9073,0.5302,0.3551,0.1099,0.039,0.0248,0.0498,Mayo
Facelina auriculata,Facelinidae,210,45,50,25,31,14,5,2,2,0,2,4,30,0.9179,1.0,0.4857,0.4466,0.1773,0.0623,0.0255,0.0238,0.003,0.0298,0.0715,0.5528,Febrero
Trinchesia morrowae,Trinchesiidae,195,23,22,22,32,20,12,15,10,3,6,12,18,1.0,0.9382,0.9104,0.9815,0.5368,0.31,0.3632,0.2192,0.0802,0.1813,0.4509,0.7074,Enero
Idaliadoris neapolitana,Onchidorididae,191,28,32,19,7,39,21,14,11,2,1,2,15,0.8924,1.0,0.5768,0.1599,0.7638,0.3945,0.2489,0.1762,0.0408,0.0249,0.0569,0.4326,Febrero
Felimare orsinii,Chromodorididae,186,2,5,3,16,45,40,35,26,6,0,6,2,0.0741,0.179,0.1051,0.4104,1.0,0.8487,0.6981,0.4633,0.1283,0.0038,0.189,0.0674,Mayo
Facelina rubrovittata,Facelinidae,171,23,32,16,21,22,7,7,9,2,1,2,29,0.7334,1.0,0.486,0.4734,0.4327,0.1345,0.127,0.1453,0.0408,0.0249,0.0569,0.8346,Febrero
Aegires leuckartii,Aegiridae,170,28,20,13,22,19,5,5,13,6,9,4,26,1.0,0.701,0.4429,0.5556,0.4193,0.109,0.1032,0.2321,0.1266,0.2215,0.1251,0.8387,Enero
Luisella babai,Samlidae,167,9,17,23,50,31,16,5,4,4,4,1,3,0.2564,0.4738,0.6215,1.0,0.5414,0.2686,0.082,0.0606,0.0684,0.0799,0.0263,0.0785,Abril
Favorinus branchialis,Facelinidae,147,27,30,18,15,22,8,8,1,3,0,1,14,0.9179,1.0,0.5829,0.3616,0.4614,0.1632,0.154,0.0231,0.0627,0.0036,0.0315,0.4308,Febrero
Doto rosea,Dotidae,123,17,34,11,8,15,4,5,11,13,0,2,3,0.5106,1.0,0.3151,0.1716,0.2789,0.0741,0.0867,0.1659,0.2252,0.0031,0.0536,0.0829,Febrero
Dendrodoris grandiflora,Dendrodorididae,83,7,6,5,7,18,3,13,9,4,3,4,4,0.6324,0.5324,0.4316,0.4508,1.0,0.1696,0.6526,0.4097,0.2167,0.1921,0.3148,0.3293,Mayo
Felimida binza,Chromodorididae,74,3,3,3,2,9,21,23,9,1,0,0,0,0.2392,0.2348,0.2282,0.1181,0.4421,0.9724,1.0,0.3581,0.056,0.0082,0.0053,0.0049,Julio
Amphorina farrani,Eubranchidae,52,5,13,10,9,4,1,2,0,1,0,2,5,0.3946,1.0,0.7476,0.5026,0.2013,0.0565,0.0978,0.0153,0.0558,0.0082,0.1397,0.3573,Febrero
Dendrodoris limbata,Dendrodorididae,52,6,5,2,5,10,7,1,2,6,2,4,2,0.9681,0.7929,0.3134,0.5788,1.0,0.6761,0.1127,0.1867,0.568,0.234,0.5615,0.2987,Mayo
Felimida luteorosea,Chromodorididae,33,0,0,0,3,9,1,4,11,5,0,0,0,0.0091,0.0094,0.01,0.392,1.0,0.1282,0.4163,0.9824,0.5291,0.0186,0.012,0.011,Mayo
Phyllidia flava,Phyllidiidae,25,0,0,0,2,3,4,7,7,2,0,0,0,0.0128,0.0133,0.0141,0.3774,0.4923,0.6201,1.0,0.9011,0.3211,0.0263,0.017,0.0155,Julio
Gargamella rosi,Discodorididae,11,0,0,1,1,1,2,2,1,1,1,0,1,0.0392,0.0406,0.7709,0.6138,0.566,1.0,0.958,0.5215,0.5464,0.5999,0.0518,0.7379,Junio
Thecacera pennigera,Polyceridae,1,0,1,0,0,0,0,0,0,0,0,0,0,0.0495,1.0,0.0544,0.0951,0.1232,0.1345,0.1515,0.1894,0.142,0.1017,0.0655,0.0599,Febrero
