especie,2010,2011,2012,2013,2014,2015,2016,2017,2018,2019,2020,2021,2022,2023,2024,2025,2026
Cratena peregrina,3,1,26,38,45,60,41,88,83,87,118,153,260,699,1190,1225,248
Flabellina affinis,3,2,8,20,29,25,35,56,60,59,68,110,96,259,427,422,119
Peltodoris atromaculata,4,4,10,30,37,42,38,43,49,59,41,62,98,274,272,300,64
Felimare picta,1,0,2,4,20,29,57,39,50,45,11,27,162,139,131,496,14
Edmundsella pedata,0,0,2,5,4,19,14,23,47,16,43,42,60,140,201,131,107
Felimare tricolor,2,2,9,2,27,27,45,36,44,37,13,36,41,104,116,215,37
Calmella cavolini,0,0,0,1,16,27,20,37,32,29,43,18,42,61,125,90,41
Diaphorodoris papillata,0,0,0,4,3,10,14,11,14,6,22,12,38,74,111,59,20
Paradoris indecora,0,0,0,0,1,22,10,47,42,13,39,32,33,29,39,73,6
Antiopella cristata,0,0,0,2,0,4,12,11,30,19,18,20,71,67,60,31,18
Polycera quadrilineata,0,1,0,2,4,10,6,15,55,7,27,23,26,30,58,50,26
Rudmania krohni,0,0,6,3,19,24,15,2,13,4,10,26,25,36,52,68,25
