species_slug,eval_n,eval_acc
acanthocardia_tuberculata,30,0.9
anas_platyrhynchos,40,0.95
aplidium_elegans,40,0.85
arca_noae,30,0.6
ardea_cinerea,30,0.9
ariosoma_balearicum,40,0.95
asparagus_acutifolius,40,0.95
asterina_gibbosa,40,0.825
astropecten_platyacanthus,40,0.975
astropecten_spinulosus,8,0.875
axinella_damicornis,30,0.8
barbatia_barbata,30,0.8667
bispira_volutacornis,40,0.95
bituminaria_bituminosa,40,0.95
bolinus_brandaris,30,0.9333
bosemprella_incarnata,40,0.9
cakile_maritima,40,1.0
calmella_cavolini,40,0.975
caloria_quatrefagesi,30,0.9
calystegia_soldanella,40,1.0
carcinus_aestuarii,40,0.975
cardites_antiquatus,40,0.825
chamelea_gallina,30,0.8333
chelidonichthys_obscurus,40,0.8
chroicocephalus_ridibundus,40,0.95
chthamalus_stellatus,40,0.45
clavelina_dellavallei,28,0.7143
clavelina_lepadiformis,30,0.9333
clavularia_crassa,14,0.8571
cliona_rhodensis,11,0.8182
cochlicella_acuta,40,0.9
columbella_rustica,30,0.9
condylactis_aurantiaca,40,0.825
conger_conger,30,0.3333
conus_ventricosus,40,0.825
convolvulus_althaeoides,40,1.0
cotylorhiza_tuberculata,40,1.0
cribrinopsis_crassa,40,0.95
cymodocea_nodosa,34,0.7941
cystoseira_compressa,40,0.65
dactylopterus_volitans,40,0.975
diaphorodoris_alba,40,1.0
diogenes_pugilator,28,0.7857
diplodus_vulgaris,40,0.9
donax_semistriatus,40,0.8
donax_trunculus,30,0.6667
dosinia_lupinus,40,0.825
echinaster_sepositus,40,0.875
echinolittorina_punctata,40,0.925
egretta_garzetta,31,0.9032
electra_posidoniae,15,0.7333
elysia_timida,30,0.8667
ensis_minor,40,0.75
epinephelus_costae,30,0.8667
ericaria_mediterranea,20,0.55
eryngium_maritimum,40,0.95
felimare_fontandraui,40,0.75
felimare_orsinii,30,0.8667
fistularia_commersonii,40,0.95
galathea_strigosa,30,0.9667
gallinula_chloropus,40,1.0
glycymeris_glycymeris,40,0.55
glycymeris_nummaria,30,0.7667
gnathophyllum_elegans,40,0.95
gobius_geniporus,40,0.975
gobius_incognitus,40,0.825
gobius_xanthocephalus,40,0.95
goniodoridella_picoensis,29,0.9655
hacelia_attenuata,40,0.8
hermodice_carunculata,40,0.975
holothuria_forskali,40,0.875
iberus_splendidus,40,0.975
lepadogaster_candolii,40,0.625
lepadogaster_lepadogaster,40,0.325
limaria_tuberculata,40,0.875
luisella_babai,30,0.9333
mactra_corallina,40,0.7
mactra_stultorum,30,0.7333
medicago_marina,40,0.975
melarhaphe_neritoides,40,0.975
microlipophrys_canevae,40,0.875
muraena_helena,40,0.75
neverita_josephinia,40,0.95
octopus_vulgaris,30,0.9
ophidiaster_ophidianus,30,0.9667
ophisurus_serpens,40,0.925
pachycerianthus_solitarius,40,0.825
pagellus_acarne,40,0.8
pagellus_erythrinus,40,0.85
pancratium_maritimum,40,0.95
parablennius_rouxi,40,0.775
paraflabellina_ischitana,30,0.8667
patella_rustica,40,0.925
penaeus_kerathurus,40,0.95
periclimenes_aegylios,30,0.7333
periclimenes_scriptus,15,0.8
peronaea_planata,40,0.8
peronidia_albicans,20,0.7
phalacrocorax_carbo,30,0.9333
phallusia_mammillata,40,0.775
phycis_phycis,30,0.3333
pinna_rudis,40,0.925
pinnoctopus_macropus,40,0.9
pinus_pinea,40,0.85
pisania_striata,40,0.85
pleraplysilla_spinifera,22,0.7273
polititapes_aureus,40,0.625
porcellana_platycheles,40,0.875
reptadeonella_violacea,30,0.7
rhamnus_alaternus,40,0.95
rocellaria_dubia,30,0.7667
ruditapes_decussatus,39,0.7949
rudmania_krohni,34,0.9412
sarcotragus_spinosulus,30,0.8333
scorpaena_scrofa,40,0.875
scyllarus_arctus,30,0.8667
semicassis_undulata,40,1.0
seriola_dumerili,30,0.6
sicyonia_carinata,16,0.875
siganus_rivulatus,40,0.875
simnia_spelta,40,0.925
solatopupa_similis,40,0.975
solen_marginatus,40,0.925
sparisoma_cretense,30,0.9
sphyraena_viridensis,30,0.9
spicara_smaris,14,0.7857
spisula_subtruncata,30,0.8333
stenopus_spinosus,40,0.875
steromphala_divaricata,40,0.775
steromphala_varia,40,0.65
syngnathus_abaster,40,0.6
synodus_saurus,30,0.8333
tridentata_perpusilla,26,0.7308
tripterygion_delaisi,40,0.9
tritia_mutabilis,30,0.9
tritia_neritea,40,0.7
trochoidea_elegans,40,1.0
turritellinella_tricarinata,40,0.925
xantho_poressa,30,0.9
xerotricha_conspurcata,40,1.0
yungia_aurantiaca,40,1.0
zonites_algirus,40,0.875
