file,author,license,pair
par1__peltodoris_atromaculata__petrosia_ficiformis__2.jpg,,cc-by-nc,*Peltodoris atromaculata* sobre *Petrosia ficiformis* (preda
par1__peltodoris_atromaculata__petrosia_ficiformis__3.jpg,,cc-by-nc,*Peltodoris atromaculata* sobre *Petrosia ficiformis* (preda
par1__peltodoris_atromaculata__petrosia_ficiformis__4.jpg,,cc-by-nc,*Peltodoris atromaculata* sobre *Petrosia ficiformis* (preda
par2__cratena_peregrina__eudendrium_racemosum__1.jpg,,cc-by-nc,*Cratena peregrina* sobre colonias de hidrozoos (*Eudendrium
par2__cratena_peregrina__eudendrium_racemosum__2.jpg,,cc-by-nc,*Cratena peregrina* sobre colonias de hidrozoos (*Eudendrium
par2__cratena_peregrina__eudendrium_racemosum__3.jpg,,cc-by-nc,*Cratena peregrina* sobre colonias de hidrozoos (*Eudendrium
par2__cratena_peregrina__eudendrium_racemosum__4.jpg,,cc-by-nc,*Cratena peregrina* sobre colonias de hidrozoos (*Eudendrium
par3__condylactis_aurantiaca__periclimenes_scriptus__1.jpg,,cc-by-nc,*Condylactis aurantiaca* con el camarón *Periclimenes script
par3__condylactis_aurantiaca__periclimenes_scriptus__2.jpg,,cc-by-nc,*Condylactis aurantiaca* con el camarón *Periclimenes script
par3__condylactis_aurantiaca__periclimenes_scriptus__3.jpg,,cc-by-nc,*Condylactis aurantiaca* con el camarón *Periclimenes script
par3__condylactis_aurantiaca__periclimenes_scriptus__4.jpg,,cc-by-nc,*Condylactis aurantiaca* con el camarón *Periclimenes script
par4__lysmata_grabhami__telmatactis_cricoides__1.jpg,,cc-by-nc,*Lysmata grabhami* y *Telmatactis cricoides* (limpieza)
par4__lysmata_grabhami__telmatactis_cricoides__2.jpg,,cc-by-nc,*Lysmata grabhami* y *Telmatactis cricoides* (limpieza)
par4__lysmata_grabhami__telmatactis_cricoides__3.jpg,,cc-by-nc,*Lysmata grabhami* y *Telmatactis cricoides* (limpieza)
par4__lysmata_grabhami__telmatactis_cricoides__4.jpg,,cc-by-nc,*Lysmata grabhami* y *Telmatactis cricoides* (limpieza)
par5__scyllaea_pelagica__latreutes_fucorum__1.jpg,,cc-by-nc,*Scyllaea pelagica* sobre *Sargassum* flotante
par6__electra_posidoniae__tridentata_perpusilla__1.jpg,,cc-by-nc,*Electra posidoniae* y *Tridentata perpusilla* sobre hojas d
par6__electra_posidoniae__tridentata_perpusilla__2.jpg,,cc-by-nc,*Electra posidoniae* y *Tridentata perpusilla* sobre hojas d
par7__felimare_orsinii__scalarispongia_scalaris__1.jpg,,cc-by-nc,*Felimare orsinii* sobre una esponja oscura (*Scalarispongia
par7__felimare_orsinii__scalarispongia_scalaris__2.jpg,,cc-by-nc,*Felimare orsinii* sobre una esponja oscura (*Scalarispongia
par7__felimare_orsinii__scalarispongia_scalaris__3.jpg,,cc-by-nc,*Felimare orsinii* sobre una esponja oscura (*Scalarispongia
par7__felimare_orsinii__scalarispongia_scalaris__4.jpg,,cc-by-nc,*Felimare orsinii* sobre una esponja oscura (*Scalarispongia
par8__parazoanthus_axinellae__spongia_lamella__1.jpg,,cc-by-nc,*Parazoanthus axinellae* junto a *Spongia lamella*
par8__parazoanthus_axinellae__spongia_lamella__2.jpg,,cc-by-nc,*Parazoanthus axinellae* junto a *Spongia lamella*
par9__echinolittorina_punctata__melarhaphe_neritoides__2.jpg,,cc-by-nc,*Echinolittorina punctata* y *Melarhaphe neritoides* (zona d
par9__echinolittorina_punctata__melarhaphe_neritoides__3.jpg,,cc-by-nc,*Echinolittorina punctata* y *Melarhaphe neritoides* (zona d
